Workbook

Sheet 件番
A2: no. | B2: 件番 | C2: 件名 | D2: 管理者
A3: 0 | B3: 2032B1007 | C3: 関東交技会議（支店、生産
B4: 2032B1011 | C4: 関東交技講習・研修・試験
B5: 2032B1000 | C5: 関東交技年休
A6: 97 | C6: MT等
A7: 99 | B7: 2032B1008 | C7: 関東交通整備
A8: 98 | B8: 2032B9900 | C8: コロナ対応
A9: 96 | B9: 1000F1012 | C9: 本社e-Learning | D9: 本社講習･研修･試験
A10: 1 | B10: H6420399B | C10: 随）R3アクア渋滞対策 | D10: 堤慎司
A11: 2 | B11: H6420412A | C11: 随）外環工事影響検討 | D11: 堤慎司
A12: 3 | B12: H64206880 | C12: 随）R3横浜新道資料作成 | D12: 堤慎司
A13: 4 | B13: H6420508B | C13: 随）Ｒ３上瀬谷交通アセス | D13: 堤慎司
A14: 5 | B14: H6420437A | C14: P）Ｒ３特殊車両適正化 | D14: 菊池省二
A15: 6 | B15: H65200820 | C15: Ｐ）特車通行取締調査 | D15: 後藤秀典
A16: 7 | B16: H6420396A | C16: Ｐ）Ｒ３常陸交通安全検討 | D16: 堤慎司
A17: 8 | B17: H6470031B | C17: 簡Ｐ）広国交通事故調査 | D17: 林祐志
A18: 9 | B18: H6520259A | C18: Ｐ）Ｒ４東京国道事故対策 | D18: 林祐志
A19: 10 | B19: H6420416A | C19: Ｐ）R3横浜国道事故対策 | D19: 林祐志
A20: 11 | B20: H6570031B | C20: 簡Ｐ）R4広国事故調査検討 | D20: 林祐志
... A24: 15 | B24: H65202000 | C24: Ｐ）交通危険分析 | D24: 後藤秀典
A25: 16 | C25: Ｐ）R4横浜国道事故対策 | D25: 林祐志
A26: 17 | B26: H6520304B | C26: 随）R4上瀬谷公園アセス | D26: 林祐志
A27: 18 | B27: H6520234B | C27: 随）R4旧深谷準備書作成 | D27: 林祐志
A28: 19 | B28: H65204850 | C28: 随）外環三郷西ＩＣ渋滞 | D28: 大坪裕哉
A29: 20
A30: 21 | B30: H65205220 | C30: アクア照明効果分析 | D30: 林祐志
A31: 22 | B31: H6620007B | C31: R4アクア渋滞対策交通検討 | D31: 大坪裕哉
A32: 23 | B32: H65202900 | C32: 随）R4NEE自動運転 | D32: 後藤秀典
A33: 24 | B33: H65204610 | C33: 休憩施設利用動向調査業務 | D33: 林祐志
A34: 25 | C34: エンジ見積もりMT | D34: 大坪裕哉
A35: 26 | B35: H6620235A | C35: Ｐ）Ｒ５東京国道事故対策 | D35: 林祐志
A36: 27 | B36: H66202880 | C36: 価）入間高架橋交通運用 | D36: 大坪裕哉
A37: 28 | B37: H66203940 | C37: Ｐ）Ｒ５生活道路安全対策 | D37: 林祐志
A38: 29 | B38: H66204050 | C38: 随）休憩施設利用調査 | D38: 林祐志
A39: 30 | B39: H66204160 | C39: 価）上野原IC渋滞調査 | D39: 大坪裕哉
A40: 31 | B40: H6650095A | C40: 簡P)R5沼津河国交通事故対 | D40: 大坪裕哉
A41: 32 | B41: H67203230 | C41: 随）東京外環工事車線運用 | D41: 大坪裕哉
A42: 33 | B42: H6720329B | C42: K）京葉道花輪IC渋滞対策 | D42: 柏祐樹
A43: 34 | B43: H6720360A | C43: Ｐ）Ｒ6東京国道事故対策 | D43: 林祐志
A44: 35 | B44: H6720389A | C44: Ｐ）Ｒ６横国交通事故対策 | D44: 林祐志
A45: 36 | B45: H67201190 | C45: 変Ｋ）上野原ＩＣ渋滞調査 | D45: 大坪裕哉
A46: 37 | C46: アクアライン | D46: 大坪裕哉
A47: 38 | B47: H67202380 | C47: 随）R6深谷環境アセス | D47: 大坪裕哉
A48: 39 | B48: H67205660 | C48: 変Ｋ１）Ｒ５笠間道路詳細 | D48: 大坪裕哉
A49: 40 | B49: K67205300 | C49: Ｋ価）入間高架橋交通運用 | D49: 大坪裕哉
A50: 41 | B50: H67200800 | C50: P）戦略的イノベスマート | D50: 渡部数樹
A51: 42 | B51: K6720238B | C51: 随）R6深谷環境アセス | D51: 大坪裕哉
A52: 43 | B52: H6720360E | C52: Ｐ）Ｒ6東京国道事故対策 | D52: 林祐志
A53: 44 | B53: H6720389D | C53: Ｐ）Ｒ６横国交通事故対策 | D53: 林祐志
A54: 45 | B54: H6820235A | C54: Ｐ）R7東京国道事故対策 | D54: 林祐志
A55: 46 | B55: H68202660 | C55: 価）殿台床板取替交通運用 | D55: 大坪裕哉
A56: 47 | B56: H6820171C | C56: 総）Ｒ６幸ケ谷歩道橋修正 | D56: 大坪裕哉
A57: 48 | B57: H6820337A | C57: Ｐ）Ｒ７横国交通事故対 | D57: 林祐志
A58: 49 | B58: H68202050 | C58: 随）R7旧深谷アセス | D58: 大坪裕哉
A59: 50 | B59: H6820229D | C59: R7上瀬谷IC修正設計 | D59: 大坪裕哉
A60: 51 | C60: R7新橋（輪島）
A61: 52
A62: 53
A63: 54
A64: 55
A65: 56
A66: 57
A67: 58
A68: 59
A69: 60
A70: 61
A71: 62
A72: 63
... A113: 104

Sheet 3月
B2: No. （件番SheetのNo.を入力⇒） | S2: 99
B3: 件番（自動入力） | D3: =IF(ISERROR(VLOOKUP(D2,件番!$A$10:$D$113,2,FALSE)),"",(VLOOKUP(D2,件番!$A$10:$D$113,2,FALSE))) | E3: =IF(ISERROR(VLOOKUP(E2,件番!$A$10:$D$113,2,FALSE)),"",(VLOOKUP(E2,件番!$A$10:$D$113,2,FALSE))) | F3: =IF(ISERROR(VLOOKUP(F2,件番!$A$10:$D$113,2,FALSE)),"",(VLOOKUP(F2,件番!$A$10:$D$113,2,FALSE))) | G3: =IF(ISERROR(VLOOKUP(G2,件番!$A$10:$D$113,2,FALSE)),"",(VLOOKUP(G2,件番!$A$10:$D$113,2,FALSE))) | H3: =IF(ISERROR(VLOOKUP(H2,件番!$A$10:$D$113,2,FALSE)),"",(VLOOKUP(H2,件番!$A$10:$D$113,2,FALSE))) | I3: =IF(ISERROR(VLOOKUP(I2,件番!$A$10:$D$113,2,FALSE)),"",(VLOOKUP(I2,件番!$A$10:$D$113,2,FALSE))) | J3: =IF(ISERROR(VLOOKUP(J2,件番!$A$10:$D$113,2,FALSE)),"",(VLOOKUP(J2,件番!$A$10:$D$113,2,FALSE))) | K3: =IF(ISERROR(VLOOKUP(K2,件番!$A$10:$D$113,2,FALSE)),"",(VLOOKUP(K2,件番!$A$10:$D$113,2,FALSE))) | ... O3: =IF(ISERROR(VLOOKUP(O2,件番!$A$10:$D$113,2,FALSE)),"",(VLOOKUP(O2,件番!$A$10:$D$113,2,FALSE))) | S3: =IF(ISERROR(VLOOKUP(S2,件番!$A$3:$D$113,2,FALSE)),"",(VLOOKUP(S2,件番!$A$3:$D$113,2,FALSE))) -> 2032B1008
B4: 件名（自動入力） | D4: =IF(ISERROR(VLOOKUP(D2,件番!$A$10:$D$113,2,FALSE)),"",(VLOOKUP(D2,件番!$A$10:$D$113,3,FALSE))) | E4: =IF(ISERROR(VLOOKUP(E2,件番!$A$10:$D$113,2,FALSE)),"",(VLOOKUP(E2,件番!$A$10:$D$113,3,FALSE))) | F4: =IF(ISERROR(VLOOKUP(F2,件番!$A$10:$D$113,2,FALSE)),"",(VLOOKUP(F2,件番!$A$10:$D$113,3,FALSE))) | G4: =IF(ISERROR(VLOOKUP(G2,件番!$A$10:$D$113,2,FALSE)),"",(VLOOKUP(G2,件番!$A$10:$D$113,3,FALSE))) | H4: =IF(ISERROR(VLOOKUP(H2,件番!$A$10:$D$113,2,FALSE)),"",(VLOOKUP(H2,件番!$A$10:$D$113,3,FALSE))) | I4: =IF(ISERROR(VLOOKUP(I2,件番!$A$10:$D$113,2,FALSE)),"",(VLOOKUP(I2,件番!$A$10:$D$113,3,FALSE))) | J4: =IF(ISERROR(VLOOKUP(J2,件番!$A$10:$D$113,2,FALSE)),"",(VLOOKUP(J2,件番!$A$10:$D$113,3,FALSE))) | K4: =IF(ISERROR(VLOOKUP(K2,件番!$A$10:$D$113,2,FALSE)),"",(VLOOKUP(K2,件番!$A$10:$D$113,3,FALSE))) | ... O4: =IF(ISERROR(VLOOKUP(O2,件番!$A$10:$D$113,2,FALSE)),"",(VLOOKUP(O2,件番!$A$10:$D$113,3,FALSE))) | S4: =IF(ISERROR(VLOOKUP(S2,件番!$A$3:$D$113,2,FALSE)),"",(VLOOKUP(S2,件番!$A$3:$D$113,3,FALSE))) -> 関東交通整備
B5: 管理（自動入力） | D5: =IF(ISERROR(VLOOKUP(D2,件番!$A$10:$D$113,2,FALSE)),"",(VLOOKUP(D2,件番!$A$10:$D$113,4,FALSE))) | E5: =IF(ISERROR(VLOOKUP(E2,件番!$A$10:$D$113,2,FALSE)),"",(VLOOKUP(E2,件番!$A$10:$D$113,4,FALSE))) | F5: =IF(ISERROR(VLOOKUP(F2,件番!$A$10:$D$113,2,FALSE)),"",(VLOOKUP(F2,件番!$A$10:$D$113,4,FALSE))) | G5: =IF(ISERROR(VLOOKUP(G2,件番!$A$10:$D$113,2,FALSE)),"",(VLOOKUP(G2,件番!$A$10:$D$113,4,FALSE))) | H5: =IF(ISERROR(VLOOKUP(H2,件番!$A$10:$D$113,2,FALSE)),"",(VLOOKUP(H2,件番!$A$10:$D$113,4,FALSE))) | I5: =IF(ISERROR(VLOOKUP(I2,件番!$A$10:$D$113,2,FALSE)),"",(VLOOKUP(I2,件番!$A$10:$D$113,4,FALSE))) | J5: =IF(ISERROR(VLOOKUP(J2,件番!$A$10:$D$113,2,FALSE)),"",(VLOOKUP(J2,件番!$A$10:$D$113,4,FALSE))) | K5: =IF(ISERROR(VLOOKUP(K2,件番!$A$10:$D$113,2,FALSE)),"",(VLOOKUP(K2,件番!$A$10:$D$113,4,FALSE))) | ... O5: =IF(ISERROR(VLOOKUP(O2,件番!$A$10:$D$113,2,FALSE)),"",(VLOOKUP(O2,件番!$A$10:$D$113,4,FALSE))) | S5: =IF(ISERROR(VLOOKUP(S2,件番!$A$3:$D$113,2,FALSE)),"",(VLOOKUP(S2,件番!$A$3:$D$113,4,FALSE))) -> 0 | T5: 合計 | U5: 備考 | V5: 始業 | W5: 終業 | X5: 休憩 | Y5: 就業時間 | Z5: チェック
B6: 46082 | C6: =TEXT(B6,"aaa") -> 日 | T6: =SUM(D6:S6) -> 0 | Y6: =(W6-V6-X6)*24 -> 0 | Z6: =Y6-T6 -> 0
B7: 46083 | C7: =TEXT(B7,"aaa") -> 月 | T7: =SUM(D7:S7) -> 0 | V7: 0.375 | W7: 0.72916667 | X7: 0.052083333 | Y7: =(W7-V7-X7)*24 -> 7.25 | Z7: =Y7-T7 -> 7.25 | AA7: =AC7-AB7 -> 0 | AB7: 7.25 | AC7: =ABS(Y7) -> 7.25
B8: 46084 | C8: =TEXT(B8,"aaa") -> 火 | T8: =SUM(D8:S8) -> 0 | V8: 0.375 | W8: 0.72916667 | X8: 0.052083333 | Y8: =(W8-V8-X8)*24 -> 7.25 | Z8: =Y8-T8 -> 7.25 | AA8: =AC8-AB8 -> 0 | AB8: 7.25 | AC8: =ABS(Y8) -> 7.25
B9: 46085 | C9: =TEXT(B9,"aaa") -> 水 | T9: =SUM(D9:S9) -> 0 | V9: 0.375 | W9: 0.72916667 | X9: 0.052083333 | Y9: =(W9-V9-X9)*24 -> 7.25 | Z9: =Y9-T9 -> 7.25 | AA9: =AC9-AB9 -> 0 | AB9: 7.25 | AC9: =ABS(Y9) -> 7.25
B10: 46086 | C10: =TEXT(B10,"aaa") -> 木 | T10: =SUM(D10:S10) -> 0 | V10: 0.375 | W10: 0.72916667 | X10: 0.052083333 | Y10: =(W10-V10-X10)*24 -> 7.25 | Z10: =Y10-T10 -> 7.25 | AA10: =AC10-AB10 -> 0 | AB10: 7.25 | AC10: =ABS(Y10) -> 7.25
B11: 46087 | C11: =TEXT(B11,"aaa") -> 金 | T11: =SUM(D11:S11) -> 0 | V11: 0.375 | W11: 0.72916667 | X11: 0.052083333 | Y11: =(W11-V11-X11)*24 -> 7.25 | Z11: =Y11-T11 -> 7.25 | AA11: =AC11-AB11 -> 0 | AB11: 7.25 | AC11: =ABS(Y11) -> 7.25
B12: 46088 | C12: =TEXT(B12,"aaa") -> 土 | T12: =SUM(D12:S12) -> 0 | Y12: =(W12-V12-X12)*24 -> 0 | Z12: =Y12-T12 -> 0
B13: 46089 | C13: =TEXT(B13,"aaa") -> 日 | T13: =SUM(D13:S13) -> 0 | Y13: =(W13-V13-X13)*24 -> 0 | Z13: =Y13-T13 -> 0
B14: 46090 | C14: =TEXT(B14,"aaa") -> 月 | T14: =SUM(D14:S14) -> 0 | V14: 0.375 | W14: 0.72916667 | X14: 0.052083333 | Y14: =(W14-V14-X14)*24 -> 7.25 | Z14: =Y14-T14 -> 7.25 | AA14: =AC14-AB14 -> 0 | AB14: 7.25 | AC14: =ABS(Y14) -> 7.25
B15: 46091 | C15: =TEXT(B15,"aaa") -> 火 | T15: =SUM(D15:S15) -> 0 | V15: 0.375 | W15: 0.72916667 | X15: 0.052083333 | Y15: =(W15-V15-X15)*24 -> 7.25 | Z15: =Y15-T15 -> 7.25 | AA15: =AC15-AB15 -> 0 | AB15: 7.25 | AC15: =ABS(Y15) -> 7.25
B16: 46092 | C16: =TEXT(B16,"aaa") -> 水 | T16: =SUM(D16:S16) -> 0 | V16: 0.375 | W16: 0.72916667 | X16: 0.052083333 | Y16: =(W16-V16-X16)*24 -> 7.25 | Z16: =Y16-T16 -> 7.25 | AA16: =AC16-AB16 -> 0 | AB16: 7.25 | AC16: =ABS(Y16) -> 7.25
B17: 46093 | C17: =TEXT(B17,"aaa") -> 木 | T17: =SUM(D17:S17) -> 0 | V17: 0.375 | W17: 0.72916667 | X17: 0.052083333 | Y17: =(W17-V17-X17)*24 -> 7.25 | Z17: =Y17-T17 -> 7.25 | AA17: =AC17-AB17 -> 0 | AB17: 7.25 | AC17: =ABS(Y17) -> 7.25
B18: 46094 | C18: =TEXT(B18,"aaa") -> 金 | T18: =SUM(D18:S18) -> 0 | V18: 0.375 | W18: 0.72916667 | X18: 0.052083333 | Y18: =(W18-V18-X18)*24 -> 7.25 | Z18: =Y18-T18 -> 7.25 | AA18: =AC18-AB18 -> 0 | AB18: 7.25 | AC18: =ABS(Y18) -> 7.25
B19: 46095 | C19: =TEXT(B19,"aaa") -> 土 | T19: =SUM(D19:S19) -> 0 | Y19: =(W19-V19-X19)*24 -> 0 | Z19: =Y19-T19 -> 0
B20: 46096 | C20: =TEXT(B20,"aaa") -> 日 | T20: =SUM(D20:S20) -> 0 | Y20: =(W20-V20-X20)*24 -> 0 | Z20: =Y20-T20 -> 0
B21: 46097 | C21: =TEXT(B21,"aaa") -> 月 | T21: =SUM(D21:S21) -> 0 | V21: 0.375 | W21: 0.72916667 | X21: 0.052083333 | Y21: =(W21-V21-X21)*24 -> 7.25 | Z21: =Y21-T21 -> 7.25 | AA21: =AC21-AB21 -> 0 | AB21: 7.25 | AC21: =ABS(Y21) -> 7.25
B22: 46098 | C22: =TEXT(B22,"aaa") -> 火 | T22: =SUM(D22:S22) -> 0 | V22: 0.375 | W22: 0.72916667 | X22: 0.052083333 | Y22: =(W22-V22-X22)*24 -> 7.25 | Z22: =Y22-T22 -> 7.25 | AA22: =AC22-AB22 -> 0 | AB22: 7.25 | AC22: =ABS(Y22) -> 7.25
B23: 46099 | C23: =TEXT(B23,"aaa") -> 水 | T23: =SUM(D23:S23) -> 0 | V23: 0.375 | W23: 0.72916667 | X23: 0.052083333 | Y23: =(W23-V23-X23)*24 -> 7.25 | Z23: =Y23-T23 -> 7.25 | AA23: =AC23-AB23 -> 0 | AB23: 7.25 | AC23: =ABS(Y23) -> 7.25
B24: 46100 | C24: =TEXT(B24,"aaa") -> 木 | T24: =SUM(D24:S24) -> 0 | V24: 0.375 | W24: 0.72916667 | X24: 0.052083333 | Y24: =(W24-V24-X24)*24 -> 7.25 | Z24: =Y24-T24 -> 7.25 | AA24: =AC24-AB24 -> 0 | AB24: 7.25 | AC24: =ABS(Y24) -> 7.25
B25: 46101 | C25: =TEXT(B25,"aaa") -> 金 | T25: =SUM(D25:S25) -> 0 | U25: 春分の日 | Y25: =(W25-V25-X25)*24 -> 0 | Z25: =Y25-T25 -> 0
B26: 46102 | C26: =TEXT(B26,"aaa") -> 土 | T26: =SUM(D26:S26) -> 0 | Y26: =(W26-V26-X26)*24 -> 0 | Z26: =Y26-T26 -> 0
B27: 46103 | C27: =TEXT(B27,"aaa") -> 日 | T27: =SUM(D27:S27) -> 0 | Y27: =(W27-V27-X27)*24 -> 0 | Z27: =Y27-T27 -> 0
B28: 46104 | C28: =TEXT(B28,"aaa") -> 月 | T28: =SUM(D28:S28) -> 0 | V28: 0.375 | W28: 0.72916667 | X28: 0.052083333 | Y28: =(W28-V28-X28)*24 -> 7.25 | Z28: =Y28-T28 -> 7.25 | AA28: =AC28-AB28 -> 0 | AB28: 7.25 | AC28: =ABS(Y28) -> 7.25
B29: 46105 | C29: =TEXT(B29,"aaa") -> 火 | T29: =SUM(D29:S29) -> 0 | V29: 0.375 | W29: 0.72916667 | X29: 0.052083333 | Y29: =(W29-V29-X29)*24 -> 7.25 | Z29: =Y29-T29 -> 7.25 | AA29: =AC29-AB29 -> 0 | AB29: 7.25 | AC29: =ABS(Y29) -> 7.25
B30: 46106 | C30: =TEXT(B30,"aaa") -> 水 | T30: =SUM(D30:S30) -> 0 | V30: 0.375 | W30: 0.72916667 | X30: 0.052083333 | Y30: =(W30-V30-X30)*24 -> 7.25 | Z30: =Y30-T30 -> 7.25 | AA30: =AC30-AB30 -> 0 | AB30: 7.25 | AC30: =ABS(Y30) -> 7.25
B31: 46107 | C31: =TEXT(B31,"aaa") -> 木 | T31: =SUM(D31:S31) -> 0 | V31: 0.375 | W31: 0.72916667 | X31: 0.052083333 | Y31: =(W31-V31-X31)*24 -> 7.25 | Z31: =Y31-T31 -> 7.25 | AA31: =AC31-AB31 -> 0 | AB31: 7.25 | AC31: =ABS(Y31) -> 7.25
B32: 46108 | C32: =TEXT(B32,"aaa") -> 金 | T32: =SUM(D32:S32) -> 0 | V32: 0.375 | W32: 0.72916667 | X32: 0.052083333 | Y32: =(W32-V32-X32)*24 -> 7.25 | Z32: =Y32-T32 -> 7.25 | AA32: =AC32-AB32 -> 0 | AB32: 7.25 | AC32: =ABS(Y32) -> 7.25
B33: 46109 | C33: =TEXT(B33,"aaa") -> 土 | T33: =SUM(D33:S33) -> 0 | Y33: =(W33-V33-X33)*24 -> 0 | Z33: =Y33-T33 -> 0
B34: 46110 | C34: =TEXT(B34,"aaa") -> 日 | T34: =SUM(D34:S34) -> 0 | Y34: =(W34-V34-X34)*24 -> 0 | Z34: =Y34-T34 -> 0
B35: 46111 | C35: =TEXT(B35,"aaa") -> 月 | T35: =SUM(D35:S35) -> 0 | V35: 0.375 | W35: 0.72916667 | X35: 0.052083333 | Y35: =(W35-V35-X35)*24 -> 7.25 | Z35: =Y35-T35 -> 7.25 | AA35: =AC35-AB35 -> 0 | AB35: 7.25 | AC35: =ABS(Y35) -> 7.25
B36: 46112 | C36: =TEXT(B36,"aaa") -> 火 | T36: =SUM(D36:S36) -> 0 | V36: 0.375 | W36: 0.72916667 | X36: 0.052083333 | Y36: =(W36-V36-X36)*24 -> 7.25 | Z36: =Y36-T36 -> 7.25 | AA36: =AC36-AB36 -> 0 | AB36: 7.25 | AC36: =ABS(Y36) -> 7.25
B37: 月 | C37: 合計 | D37: =SUM(D6:D36) -> 0 | E37: =SUM(E6:E36) -> 0 | F37: =SUM(F6:F36) -> 0 | G37: =SUM(G6:G36) -> 0 | H37: =SUM(H6:H36) -> 0 | I37: =SUM(I6:I36) -> 0 | J37: =SUM(J6:J36) -> 0 | K37: =SUM(K6:K36) -> 0 | ... T37: =SUM(T6:T36) -> 0 | AA37: =SUM(AA6:AA36) -> 0 | AB37: =SUM(AB6:AB36) -> 152.25
B40: 直接経費（交通費等） | T40: 合計（円） | U40: 備考
C41: =TEXT(B41,"aaa") -> 土 | T41: =SUM(D41:S41) -> 0
C42: =TEXT(B42,"aaa") -> 土 | T42: =SUM(D42:S42) -> 0
C43: =TEXT(B43,"aaa") -> 土 | T43: =SUM(D43:S43) -> 0
C44: =TEXT(B44,"aaa") -> 土 | T44: =SUM(D44:S44) -> 0
C45: =TEXT(B45,"aaa") -> 土 | T45: =SUM(D45:S45) -> 0
C46: =TEXT(B46,"aaa") -> 土 | T46: =SUM(D46:S46) -> 0
C47: =TEXT(B47,"aaa") -> 土 | T47: =SUM(D47:S47) -> 0
C48: =TEXT(B48,"aaa") -> 土 | T48: =SUM(D48:S48) -> 0
C49: =TEXT(B49,"aaa") -> 土 | T49: =SUM(D49:S49) -> 0
T50: =SUM(D50:S50) -> 0
B52: 月 | C52: 合計 | D52: =SUM(D41:D51) -> 0 | E52: =SUM(E41:E51) -> 0 | F52: =SUM(F41:F51) -> 0 | G52: =SUM(G41:G51) -> 0 | H52: =SUM(H41:H51) -> 0 | I52: =SUM(I41:I51) -> 0 | J52: =SUM(J41:J51) -> 0 | K52: =SUM(K41:K51) -> 0 | ... T52: =SUM(T41:T51) -> 0

Sheet 4月
B2: No. （件番SheetのNo.を入力⇒） | S2: 0
B3: 件番（自動入力） | D3: =IF(ISERROR(VLOOKUP(D2,件番!$A$10:$D$113,2,FALSE)),"",(VLOOKUP(D2,件番!$A$10:$D$113,2,FALSE))) | E3: =IF(ISERROR(VLOOKUP(E2,件番!$A$10:$D$113,2,FALSE)),"",(VLOOKUP(E2,件番!$A$10:$D$113,2,FALSE))) | F3: =IF(ISERROR(VLOOKUP(F2,件番!$A$10:$D$113,2,FALSE)),"",(VLOOKUP(F2,件番!$A$10:$D$113,2,FALSE))) | G3: =IF(ISERROR(VLOOKUP(G2,件番!$A$10:$D$113,2,FALSE)),"",(VLOOKUP(G2,件番!$A$10:$D$113,2,FALSE))) | H3: =IF(ISERROR(VLOOKUP(H2,件番!$A$10:$D$113,2,FALSE)),"",(VLOOKUP(H2,件番!$A$10:$D$113,2,FALSE))) | I3: =IF(ISERROR(VLOOKUP(I2,件番!$A$10:$D$113,2,FALSE)),"",(VLOOKUP(I2,件番!$A$10:$D$113,2,FALSE))) | J3: =IF(ISERROR(VLOOKUP(J2,件番!$A$10:$D$113,2,FALSE)),"",(VLOOKUP(J2,件番!$A$10:$D$113,2,FALSE))) | K3: =IF(ISERROR(VLOOKUP(K2,件番!$A$10:$D$113,2,FALSE)),"",(VLOOKUP(K2,件番!$A$10:$D$113,2,FALSE))) | ... N3: =IF(ISERROR(VLOOKUP(N2,件番!$A$10:$D$113,2,FALSE)),"",(VLOOKUP(N2,件番!$A$10:$D$113,2,FALSE))) | Q3: =IF(ISERROR(VLOOKUP(Q2,件番!$A$10:$D$113,2,FALSE)),"",(VLOOKUP(Q2,件番!$A$10:$D$113,2,FALSE))) | R3: =IF(ISERROR(VLOOKUP(R2,件番!$A$10:$D$113,2,FALSE)),"",(VLOOKUP(R2,件番!$A$10:$D$113,2,FALSE))) | S3: =IF(ISERROR(VLOOKUP(S2,件番!$A$3:$D$113,2,FALSE)),"",(VLOOKUP(S2,件番!$A$3:$D$113,2,FALSE))) -> 2032B1007
B4: 件名（自動入力） | D4: =IF(ISERROR(VLOOKUP(D2,件番!$A$10:$D$113,2,FALSE)),"",(VLOOKUP(D2,件番!$A$10:$D$113,3,FALSE))) | E4: =IF(ISERROR(VLOOKUP(E2,件番!$A$10:$D$113,2,FALSE)),"",(VLOOKUP(E2,件番!$A$10:$D$113,3,FALSE))) | F4: =IF(ISERROR(VLOOKUP(F2,件番!$A$10:$D$113,2,FALSE)),"",(VLOOKUP(F2,件番!$A$10:$D$113,3,FALSE))) | G4: =IF(ISERROR(VLOOKUP(G2,件番!$A$10:$D$113,2,FALSE)),"",(VLOOKUP(G2,件番!$A$10:$D$113,3,FALSE))) | H4: =IF(ISERROR(VLOOKUP(H2,件番!$A$10:$D$113,2,FALSE)),"",(VLOOKUP(H2,件番!$A$10:$D$113,3,FALSE))) | I4: =IF(ISERROR(VLOOKUP(I2,件番!$A$10:$D$113,2,FALSE)),"",(VLOOKUP(I2,件番!$A$10:$D$113,3,FALSE))) | J4: =IF(ISERROR(VLOOKUP(J2,件番!$A$10:$D$113,2,FALSE)),"",(VLOOKUP(J2,件番!$A$10:$D$113,3,FALSE))) | K4: =IF(ISERROR(VLOOKUP(K2,件番!$A$10:$D$113,2,FALSE)),"",(VLOOKUP(K2,件番!$A$10:$D$113,3,FALSE))) | ... N4: =IF(ISERROR(VLOOKUP(N2,件番!$A$10:$D$113,2,FALSE)),"",(VLOOKUP(N2,件番!$A$10:$D$113,3,FALSE))) | Q4: =IF(ISERROR(VLOOKUP(Q2,件番!$A$10:$D$113,2,FALSE)),"",(VLOOKUP(Q2,件番!$A$10:$D$113,3,FALSE))) | R4: =IF(ISERROR(VLOOKUP(R2,件番!$A$10:$D$113,2,FALSE)),"",(VLOOKUP(R2,件番!$A$10:$D$113,3,FALSE))) | S4: =IF(ISERROR(VLOOKUP(S2,件番!$A$3:$D$113,2,FALSE)),"",(VLOOKUP(S2,件番!$A$3:$D$113,3,FALSE))) -> 関東交技会議（支店、生産
B5: 管理（自動入力） | D5: =IF(ISERROR(VLOOKUP(D2,件番!$A$10:$D$113,2,FALSE)),"",(VLOOKUP(D2,件番!$A$10:$D$113,4,FALSE))) | E5: =IF(ISERROR(VLOOKUP(E2,件番!$A$10:$D$113,2,FALSE)),"",(VLOOKUP(E2,件番!$A$10:$D$113,4,FALSE))) | F5: =IF(ISERROR(VLOOKUP(F2,件番!$A$10:$D$113,2,FALSE)),"",(VLOOKUP(F2,件番!$A$10:$D$113,4,FALSE))) | G5: =IF(ISERROR(VLOOKUP(G2,件番!$A$10:$D$113,2,FALSE)),"",(VLOOKUP(G2,件番!$A$10:$D$113,4,FALSE))) | H5: =IF(ISERROR(VLOOKUP(H2,件番!$A$10:$D$113,2,FALSE)),"",(VLOOKUP(H2,件番!$A$10:$D$113,4,FALSE))) | I5: =IF(ISERROR(VLOOKUP(I2,件番!$A$10:$D$113,2,FALSE)),"",(VLOOKUP(I2,件番!$A$10:$D$113,4,FALSE))) | J5: =IF(ISERROR(VLOOKUP(J2,件番!$A$10:$D$113,2,FALSE)),"",(VLOOKUP(J2,件番!$A$10:$D$113,4,FALSE))) | K5: =IF(ISERROR(VLOOKUP(K2,件番!$A$10:$D$113,2,FALSE)),"",(VLOOKUP(K2,件番!$A$10:$D$113,4,FALSE))) | ... N5: =IF(ISERROR(VLOOKUP(N2,件番!$A$10:$D$113,2,FALSE)),"",(VLOOKUP(N2,件番!$A$10:$D$113,4,FALSE))) | Q5: =IF(ISERROR(VLOOKUP(Q2,件番!$A$10:$D$113,2,FALSE)),"",(VLOOKUP(Q2,件番!$A$10:$D$113,4,FALSE))) | R5: =IF(ISERROR(VLOOKUP(R2,件番!$A$10:$D$113,2,FALSE)),"",(VLOOKUP(R2,件番!$A$10:$D$113,4,FALSE))) | S5: =IF(ISERROR(VLOOKUP(S2,件番!$A$3:$D$113,2,FALSE)),"",(VLOOKUP(S2,件番!$A$3:$D$113,4,FALSE))) -> 0 | T5: 合計 | U5: 備考 | V5: 始業 | W5: 終業 | X5: 休憩 | Y5: 就業時間 | Z5: チェック
B6: 46113 | C6: =TEXT(B6,"aaa") -> 水 | T6: =SUM(D6:S6) -> 0 | V6: 0.375 | W6: 0.72916667 | X6: 0.052083333 | Y6: =(W6-V6-X6)*24 -> 7.25 | Z6: =Y6-T6 -> 7.25 | AA6: =AC6-AB6 -> 0 | AB6: 7.25 | AC6: =ABS(Y6) -> 7.25
B7: 46114 | C7: =TEXT(B7,"aaa") -> 木 | T7: =SUM(D7:S7) -> 0 | V7: 0.375 | W7: 0.72916667 | X7: 0.052083333 | Y7: =(W7-V7-X7)*24 -> 7.25 | Z7: =Y7-T7 -> 7.25 | AA7: =AC7-AB7 -> 0 | AB7: 7.25 | AC7: =ABS(Y7) -> 7.25
B8: 46115 | C8: =TEXT(B8,"aaa") -> 金 | T8: =SUM(D8:S8) -> 0 | V8: 0.375 | W8: 0.72916667 | X8: 0.052083333 | Y8: =(W8-V8-X8)*24 -> 7.25 | Z8: =Y8-T8 -> 7.25 | AA8: =AC8-AB8 -> 0 | AB8: 7.25 | AC8: =ABS(Y8) -> 7.25
B9: 46116 | C9: =TEXT(B9,"aaa") -> 土 | T9: =SUM(D9:S9) -> 0 | Y9: =(W9-V9-X9)*24 -> 0 | Z9: =Y9-T9 -> 0
B10: 46117 | C10: =TEXT(B10,"aaa") -> 日 | T10: =SUM(D10:S10) -> 0 | Y10: =(W10-V10-X10)*24 -> 0 | Z10: =Y10-T10 -> 0
B11: 46118 | C11: =TEXT(B11,"aaa") -> 月 | T11: =SUM(D11:S11) -> 0 | V11: 0.375 | W11: 0.72916667 | X11: 0.052083333 | Y11: =(W11-V11-X11)*24 -> 7.25 | Z11: =Y11-T11 -> 7.25 | AA11: =AC11-AB11 -> 0 | AB11: 7.25 | AC11: =ABS(Y11) -> 7.25
B12: 46119 | C12: =TEXT(B12,"aaa") -> 火 | T12: =SUM(D12:S12) -> 0 | V12: 0.375 | W12: 0.72916667 | X12: 0.052083333 | Y12: =(W12-V12-X12)*24 -> 7.25 | Z12: =Y12-T12 -> 7.25 | AA12: =AC12-AB12 -> 0 | AB12: 7.25 | AC12: =ABS(Y12) -> 7.25
B13: 46120 | C13: =TEXT(B13,"aaa") -> 水 | T13: =SUM(D13:S13) -> 0 | V13: 0.375 | W13: 0.72916667 | X13: 0.052083333 | Y13: =(W13-V13-X13)*24 -> 7.25 | Z13: =Y13-T13 -> 7.25 | AA13: =AC13-AB13 -> 0 | AB13: 7.25 | AC13: =ABS(Y13) -> 7.25
B14: 46121 | C14: =TEXT(B14,"aaa") -> 木 | T14: =SUM(D14:S14) -> 0 | V14: 0.375 | W14: 0.72916667 | X14: 0.052083333 | Y14: =(W14-V14-X14)*24 -> 7.25 | Z14: =Y14-T14 -> 7.25 | AA14: =AC14-AB14 -> 0 | AB14: 7.25 | AC14: =ABS(Y14) -> 7.25
B15: 46122 | C15: =TEXT(B15,"aaa") -> 金 | T15: =SUM(D15:S15) -> 0 | V15: 0.375 | W15: 0.72916667 | X15: 0.052083333 | Y15: =(W15-V15-X15)*24 -> 7.25 | Z15: =Y15-T15 -> 7.25 | AA15: =AC15-AB15 -> 0 | AB15: 7.25 | AC15: =ABS(Y15) -> 7.25
B16: 46123 | C16: =TEXT(B16,"aaa") -> 土 | T16: =SUM(D16:S16) -> 0 | Y16: =(W16-V16-X16)*24 -> 0 | Z16: =Y16-T16 -> 0
B17: 46124 | C17: =TEXT(B17,"aaa") -> 日 | T17: =SUM(D17:S17) -> 0 | Y17: =(W17-V17-X17)*24 -> 0 | Z17: =Y17-T17 -> 0
B18: 46125 | C18: =TEXT(B18,"aaa") -> 月 | T18: =SUM(D18:S18) -> 0 | V18: 0.375 | W18: 0.72916667 | X18: 0.052083333 | Y18: =(W18-V18-X18)*24 -> 7.25 | Z18: =Y18-T18 -> 7.25 | AA18: =AC18-AB18 -> 0 | AB18: 7.25 | AC18: =ABS(Y18) -> 7.25
B19: 46126 | C19: =TEXT(B19,"aaa") -> 火 | T19: =SUM(D19:S19) -> 0 | V19: 0.375 | W19: 0.72916667 | X19: 0.052083333 | Y19: =(W19-V19-X19)*24 -> 7.25 | Z19: =Y19-T19 -> 7.25 | AA19: =AC19-AB19 -> 0 | AB19: 7.25 | AC19: =ABS(Y19) -> 7.25
B20: 46127 | C20: =TEXT(B20,"aaa") -> 水 | T20: =SUM(D20:S20) -> 0 | V20: 0.375 | W20: 0.72916667 | X20: 0.052083333 | Y20: =(W20-V20-X20)*24 -> 7.25 | Z20: =Y20-T20 -> 7.25 | AA20: =AC20-AB20 -> 0 | AB20: 7.25 | AC20: =ABS(Y20) -> 7.25
B21: 46128 | C21: =TEXT(B21,"aaa") -> 木 | T21: =SUM(D21:S21) -> 0 | V21: 0.375 | W21: 0.72916667 | X21: 0.052083333 | Y21: =(W21-V21-X21)*24 -> 7.25 | Z21: =Y21-T21 -> 7.25 | AA21: =AC21-AB21 -> 0 | AB21: 7.25 | AC21: =ABS(Y21) -> 7.25
B22: 46129 | C22: =TEXT(B22,"aaa") -> 金 | T22: =SUM(D22:S22) -> 0 | V22: 0.375 | W22: 0.72916667 | X22: 0.052083333 | Y22: =(W22-V22-X22)*24 -> 7.25 | Z22: =Y22-T22 -> 7.25 | AA22: =AC22-AB22 -> 0 | AB22: 7.25 | AC22: =ABS(Y22) -> 7.25
B23: 46130 | C23: =TEXT(B23,"aaa") -> 土 | T23: =SUM(D23:S23) -> 0 | Y23: =(W23-V23-X23)*24 -> 0 | Z23: =Y23-T23 -> 0
B24: 46131 | C24: =TEXT(B24,"aaa") -> 日 | T24: =SUM(D24:S24) -> 0 | Y24: =(W24-V24-X24)*24 -> 0 | Z24: =Y24-T24 -> 0
B25: 46132 | C25: =TEXT(B25,"aaa") -> 月 | T25: =SUM(D25:S25) -> 0 | V25: 0.375 | W25: 0.72916667 | X25: 0.052083333 | Y25: =(W25-V25-X25)*24 -> 7.25 | Z25: =Y25-T25 -> 7.25 | AA25: =AC25-AB25 -> 0 | AB25: 7.25 | AC25: =ABS(Y25) -> 7.25
B26: 46133 | C26: =TEXT(B26,"aaa") -> 火 | T26: =SUM(D26:S26) -> 0 | V26: 0.375 | W26: 0.72916667 | X26: 0.052083333 | Y26: =(W26-V26-X26)*24 -> 7.25 | Z26: =Y26-T26 -> 7.25 | AA26: =AC26-AB26 -> 0 | AB26: 7.25 | AC26: =ABS(Y26) -> 7.25
B27: 46134 | C27: =TEXT(B27,"aaa") -> 水 | T27: =SUM(D27:S27) -> 0 | V27: 0.375 | W27: 0.72916667 | X27: 0.052083333 | Y27: =(W27-V27-X27)*24 -> 7.25 | Z27: =Y27-T27 -> 7.25 | AA27: =AC27-AB27 -> 0 | AB27: 7.25 | AC27: =ABS(Y27) -> 7.25
B28: 46135 | C28: =TEXT(B28,"aaa") -> 木 | T28: =SUM(D28:S28) -> 0 | V28: 0.375 | W28: 0.72916667 | X28: 0.052083333 | Y28: =(W28-V28-X28)*24 -> 7.25 | Z28: =Y28-T28 -> 7.25 | AA28: =AC28-AB28 -> 0 | AB28: 7.25 | AC28: =ABS(Y28) -> 7.25
B29: 46136 | C29: =TEXT(B29,"aaa") -> 金 | T29: =SUM(D29:S29) -> 0 | V29: 0.375 | W29: 0.72916667 | X29: 0.052083333 | Y29: =(W29-V29-X29)*24 -> 7.25 | Z29: =Y29-T29 -> 7.25 | AA29: =AC29-AB29 -> 0 | AB29: 7.25 | AC29: =ABS(Y29) -> 7.25
B30: 46137 | C30: =TEXT(B30,"aaa") -> 土 | T30: =SUM(D30:S30) -> 0 | Y30: =(W30-V30-X30)*24 -> 0 | Z30: =Y30-T30 -> 0
B31: 46138 | C31: =TEXT(B31,"aaa") -> 日 | T31: =SUM(D31:S31) -> 0 | Y31: =(W31-V31-X31)*24 -> 0 | Z31: =Y31-T31 -> 0
B32: 46139 | C32: =TEXT(B32,"aaa") -> 月 | T32: =SUM(D32:S32) -> 0 | V32: 0.375 | W32: 0.72916667 | X32: 0.052083333 | Y32: =(W32-V32-X32)*24 -> 7.25 | Z32: =Y32-T32 -> 7.25 | AA32: =AC32-AB32 -> 0 | AB32: 7.25 | AC32: =ABS(Y32) -> 7.25
B33: 46140 | C33: =TEXT(B33,"aaa") -> 火 | T33: =SUM(D33:S33) -> 0 | V33: 0.375 | W33: 0.72916667 | X33: 0.052083333 | Y33: =(W33-V33-X33)*24 -> 7.25 | Z33: =Y33-T33 -> 7.25 | AA33: =AC33-AB33 -> 0 | AB33: 7.25 | AC33: =ABS(Y33) -> 7.25
B34: 46141 | C34: =TEXT(B34,"aaa") -> 水 | T34: =SUM(D34:S34) -> 0 | U34: 昭和の日 | Y34: =(W34-V34-X34)*24 -> 0 | Z34: =Y34-T34 -> 0
B35: 46142 | C35: =TEXT(B35,"aaa") -> 木 | T35: =SUM(D35:S35) -> 0 | V35: 0.375 | W35: 0.72916667 | X35: 0.052083333 | Y35: =(W35-V35-X35)*24 -> 7.25 | Z35: =Y35-T35 -> 7.25 | AA35: =AC35-AB35 -> 0 | AB35: 7.25 | AC35: =ABS(Y35) -> 7.25
B37: 月 | C37: 合計 | D37: =SUM(D6:D36) -> 0 | E37: =SUM(E6:E36) -> 0 | F37: =SUM(F6:F36) -> 0 | G37: =SUM(G6:G36) -> 0 | H37: =SUM(H6:H36) -> 0 | I37: =SUM(I6:I36) -> 0 | J37: =SUM(J6:J36) -> 0 | K37: =SUM(K6:K36) -> 0 | ... T37: =SUM(T6:T36) -> 0 | AA37: =SUM(AA6:AA36) -> 0 | AB37: =SUM(AB6:AB36) -> 152.25
B40: 直接経費（交通費等） | T40: 合計（円） | U40: 備考
C41: =TEXT(B41,"aaa") -> 土 | T41: =SUM(D41:S41) -> 0
C42: =TEXT(B42,"aaa") -> 土 | T42: =SUM(D42:S42) -> 0
C43: =TEXT(B43,"aaa") -> 土 | T43: =SUM(D43:S43) -> 0
C44: =TEXT(B44,"aaa") -> 土 | T44: =SUM(D44:S44) -> 0
C45: =TEXT(B45,"aaa") -> 土 | T45: =SUM(D45:S45) -> 0
T46: =SUM(D46:S46) -> 0
B50: 月 | C50: 合計 | D50: =SUM(D41:D49) -> 0 | F50: =SUM(F41:F49) -> 0 | G50: =SUM(G41:G49) -> 0 | H50: =SUM(H41:H49) -> 0 | I50: =SUM(I41:I49) -> 0 | J50: =SUM(J41:J49) -> 0 | K50: =SUM(K41:K49) -> 0 | L50: =SUM(L41:L49) -> 0 | M50: =SUM(M41:M49) -> 0 | ... T50: =SUM(T41:T49) -> 0

Sheet 5月
B2: No. （件番SheetのNo.を入力⇒） | S2: 99
B3: 件番（自動入力） | D3: =IF(ISERROR(VLOOKUP(D2,件番!$A$10:$D$113,2,FALSE)),"",(VLOOKUP(D2,件番!$A$10:$D$113,2,FALSE))) | E3: =IF(ISERROR(VLOOKUP(E2,件番!$A$10:$D$113,2,FALSE)),"",(VLOOKUP(E2,件番!$A$10:$D$113,2,FALSE))) | F3: =IF(ISERROR(VLOOKUP(F2,件番!$A$10:$D$113,2,FALSE)),"",(VLOOKUP(F2,件番!$A$10:$D$113,2,FALSE))) | G3: =IF(ISERROR(VLOOKUP(G2,件番!$A$10:$D$113,2,FALSE)),"",(VLOOKUP(G2,件番!$A$10:$D$113,2,FALSE))) | H3: =IF(ISERROR(VLOOKUP(H2,件番!$A$10:$D$113,2,FALSE)),"",(VLOOKUP(H2,件番!$A$10:$D$113,2,FALSE))) | I3: =IF(ISERROR(VLOOKUP(I2,件番!$A$10:$D$113,2,FALSE)),"",(VLOOKUP(I2,件番!$A$10:$D$113,2,FALSE))) | J3: =IF(ISERROR(VLOOKUP(J2,件番!$A$10:$D$113,2,FALSE)),"",(VLOOKUP(J2,件番!$A$10:$D$113,2,FALSE))) | K3: =IF(ISERROR(VLOOKUP(K2,件番!$A$10:$D$113,2,FALSE)),"",(VLOOKUP(K2,件番!$A$10:$D$113,2,FALSE))) | ... O3: =IF(ISERROR(VLOOKUP(O2,件番!$A$10:$D$113,2,FALSE)),"",(VLOOKUP(O2,件番!$A$10:$D$113,2,FALSE))) | S3: =IF(ISERROR(VLOOKUP(S2,件番!$A$3:$D$113,2,FALSE)),"",(VLOOKUP(S2,件番!$A$3:$D$113,2,FALSE))) -> 2032B1008
B4: 件名（自動入力） | D4: =IF(ISERROR(VLOOKUP(D2,件番!$A$10:$D$113,2,FALSE)),"",(VLOOKUP(D2,件番!$A$10:$D$113,3,FALSE))) | E4: =IF(ISERROR(VLOOKUP(E2,件番!$A$10:$D$113,2,FALSE)),"",(VLOOKUP(E2,件番!$A$10:$D$113,3,FALSE))) | F4: =IF(ISERROR(VLOOKUP(F2,件番!$A$10:$D$113,2,FALSE)),"",(VLOOKUP(F2,件番!$A$10:$D$113,3,FALSE))) | G4: =IF(ISERROR(VLOOKUP(G2,件番!$A$10:$D$113,2,FALSE)),"",(VLOOKUP(G2,件番!$A$10:$D$113,3,FALSE))) | H4: =IF(ISERROR(VLOOKUP(H2,件番!$A$10:$D$113,2,FALSE)),"",(VLOOKUP(H2,件番!$A$10:$D$113,3,FALSE))) | I4: =IF(ISERROR(VLOOKUP(I2,件番!$A$10:$D$113,2,FALSE)),"",(VLOOKUP(I2,件番!$A$10:$D$113,3,FALSE))) | J4: =IF(ISERROR(VLOOKUP(J2,件番!$A$10:$D$113,2,FALSE)),"",(VLOOKUP(J2,件番!$A$10:$D$113,3,FALSE))) | K4: =IF(ISERROR(VLOOKUP(K2,件番!$A$10:$D$113,2,FALSE)),"",(VLOOKUP(K2,件番!$A$10:$D$113,3,FALSE))) | ... O4: =IF(ISERROR(VLOOKUP(O2,件番!$A$10:$D$113,2,FALSE)),"",(VLOOKUP(O2,件番!$A$10:$D$113,3,FALSE))) | S4: =IF(ISERROR(VLOOKUP(S2,件番!$A$3:$D$113,2,FALSE)),"",(VLOOKUP(S2,件番!$A$3:$D$113,3,FALSE))) -> 関東交通整備
B5: 管理（自動入力） | D5: =IF(ISERROR(VLOOKUP(D2,件番!$A$10:$D$113,2,FALSE)),"",(VLOOKUP(D2,件番!$A$10:$D$113,4,FALSE))) | E5: =IF(ISERROR(VLOOKUP(E2,件番!$A$10:$D$113,2,FALSE)),"",(VLOOKUP(E2,件番!$A$10:$D$113,4,FALSE))) | F5: =IF(ISERROR(VLOOKUP(F2,件番!$A$10:$D$113,2,FALSE)),"",(VLOOKUP(F2,件番!$A$10:$D$113,4,FALSE))) | G5: =IF(ISERROR(VLOOKUP(G2,件番!$A$10:$D$113,2,FALSE)),"",(VLOOKUP(G2,件番!$A$10:$D$113,4,FALSE))) | H5: =IF(ISERROR(VLOOKUP(H2,件番!$A$10:$D$113,2,FALSE)),"",(VLOOKUP(H2,件番!$A$10:$D$113,4,FALSE))) | I5: =IF(ISERROR(VLOOKUP(I2,件番!$A$10:$D$113,2,FALSE)),"",(VLOOKUP(I2,件番!$A$10:$D$113,4,FALSE))) | J5: =IF(ISERROR(VLOOKUP(J2,件番!$A$10:$D$113,2,FALSE)),"",(VLOOKUP(J2,件番!$A$10:$D$113,4,FALSE))) | K5: =IF(ISERROR(VLOOKUP(K2,件番!$A$10:$D$113,2,FALSE)),"",(VLOOKUP(K2,件番!$A$10:$D$113,4,FALSE))) | ... O5: =IF(ISERROR(VLOOKUP(O2,件番!$A$10:$D$113,2,FALSE)),"",(VLOOKUP(O2,件番!$A$10:$D$113,4,FALSE))) | S5: =IF(ISERROR(VLOOKUP(S2,件番!$A$3:$D$113,2,FALSE)),"",(VLOOKUP(S2,件番!$A$3:$D$113,4,FALSE))) -> 0 | T5: 合計 | U5: 備考 | V5: 始業 | W5: 終業 | X5: 休憩 | Y5: 就業時間 | Z5: チェック
B6: 46143 | C6: =TEXT(B6,"aaa") -> 金 | T6: =SUM(D6:S6) -> 0 | V6: 0.375 | W6: 0.72916667 | X6: 0.052083333 | Y6: =(W6-V6-X6)*24 -> 7.25 | Z6: =Y6-T6 -> 7.25 | AA6: =AC6-AB6 -> 0 | AB6: 7.25 | AC6: =ABS(Y6) -> 7.25
B7: 46144 | C7: =TEXT(B7,"aaa") -> 土 | T7: =SUM(D7:S7) -> 0 | Y7: =(W7-V7-X7)*24 -> 0 | Z7: =Y7-T7 -> 0
B8: 46145 | C8: =TEXT(B8,"aaa") -> 日 | T8: =SUM(D8:S8) -> 0 | U8: 憲法記念日 | Y8: =(W8-V8-X8)*24 -> 0 | Z8: =Y8-T8 -> 0
B9: 46146 | C9: =TEXT(B9,"aaa") -> 月 | T9: =SUM(D9:S9) -> 0 | U9: みどりの日 | Y9: =(W9-V9-X9)*24 -> 0 | Z9: =Y9-T9 -> 0
B10: 46147 | C10: =TEXT(B10,"aaa") -> 火 | T10: =SUM(D10:S10) -> 0 | U10: こどもの日 | Y10: =(W10-V10-X10)*24 -> 0 | Z10: =Y10-T10 -> 0
B11: 46148 | C11: =TEXT(B11,"aaa") -> 水 | T11: =SUM(D11:S11) -> 0 | U11: 振替休日 | Y11: =(W11-V11-X11)*24 -> 0 | Z11: =Y11-T11 -> 0
B12: 46149 | C12: =TEXT(B12,"aaa") -> 木 | T12: =SUM(D12:S12) -> 0 | V12: 0.375 | W12: 0.72916667 | X12: 0.052083333 | Y12: =(W12-V12-X12)*24 -> 7.25 | Z12: =Y12-T12 -> 7.25 | AA12: =AC12-AB12 -> 0 | AB12: 7.25 | AC12: =ABS(Y12) -> 7.25
B13: 46150 | C13: =TEXT(B13,"aaa") -> 金 | T13: =SUM(D13:S13) -> 0 | V13: 0.375 | W13: 0.72916667 | X13: 0.052083333 | Y13: =(W13-V13-X13)*24 -> 7.25 | Z13: =Y13-T13 -> 7.25 | AA13: =AC13-AB13 -> 0 | AB13: 7.25 | AC13: =ABS(Y13) -> 7.25
B14: 46151 | C14: =TEXT(B14,"aaa") -> 土 | T14: =SUM(D14:S14) -> 0 | Y14: =(W14-V14-X14)*24 -> 0 | Z14: =Y14-T14 -> 0
B15: 46152 | C15: =TEXT(B15,"aaa") -> 日 | T15: =SUM(D15:S15) -> 0 | Y15: =(W15-V15-X15)*24 -> 0 | Z15: =Y15-T15 -> 0
B16: 46153 | C16: =TEXT(B16,"aaa") -> 月 | T16: =SUM(D16:S16) -> 0 | V16: 0.375 | W16: 0.72916667 | X16: 0.052083333 | Y16: =(W16-V16-X16)*24 -> 7.25 | Z16: =Y16-T16 -> 7.25 | AA16: =AC16-AB16 -> 0 | AB16: 7.25 | AC16: =ABS(Y16) -> 7.25
B17: 46154 | C17: =TEXT(B17,"aaa") -> 火 | T17: =SUM(D17:S17) -> 0 | V17: 0.375 | W17: 0.72916667 | X17: 0.052083333 | Y17: =(W17-V17-X17)*24 -> 7.25 | Z17: =Y17-T17 -> 7.25 | AA17: =AC17-AB17 -> 0 | AB17: 7.25 | AC17: =ABS(Y17) -> 7.25
B18: 46155 | C18: =TEXT(B18,"aaa") -> 水 | T18: =SUM(D18:S18) -> 0 | V18: 0.375 | W18: 0.72916667 | X18: 0.052083333 | Y18: =(W18-V18-X18)*24 -> 7.25 | Z18: =Y18-T18 -> 7.25 | AA18: =AC18-AB18 -> 0 | AB18: 7.25 | AC18: =ABS(Y18) -> 7.25
B19: 46156 | C19: =TEXT(B19,"aaa") -> 木 | T19: =SUM(D19:S19) -> 0 | V19: 0.375 | W19: 0.72916667 | X19: 0.052083333 | Y19: =(W19-V19-X19)*24 -> 7.25 | Z19: =Y19-T19 -> 7.25 | AA19: =AC19-AB19 -> 0 | AB19: 7.25 | AC19: =ABS(Y19) -> 7.25
B20: 46157 | C20: =TEXT(B20,"aaa") -> 金 | T20: =SUM(D20:S20) -> 0 | V20: 0.375 | W20: 0.72916667 | X20: 0.052083333 | Y20: =(W20-V20-X20)*24 -> 7.25 | Z20: =Y20-T20 -> 7.25 | AA20: =AC20-AB20 -> 0 | AB20: 7.25 | AC20: =ABS(Y20) -> 7.25
B21: 46158 | C21: =TEXT(B21,"aaa") -> 土 | T21: =SUM(D21:S21) -> 0 | Y21: =(W21-V21-X21)*24 -> 0 | Z21: =Y21-T21 -> 0
B22: 46159 | C22: =TEXT(B22,"aaa") -> 日 | T22: =SUM(D22:S22) -> 0 | Y22: =(W22-V22-X22)*24 -> 0 | Z22: =Y22-T22 -> 0
B23: 46160 | C23: =TEXT(B23,"aaa") -> 月 | T23: =SUM(D23:S23) -> 0 | V23: 0.375 | W23: 0.72916667 | X23: 0.052083333 | Y23: =(W23-V23-X23)*24 -> 7.25 | Z23: =Y23-T23 -> 7.25 | AA23: =AC23-AB23 -> 0 | AB23: 7.25 | AC23: =ABS(Y23) -> 7.25
B24: 46161 | C24: =TEXT(B24,"aaa") -> 火 | T24: =SUM(D24:S24) -> 0 | V24: 0.375 | W24: 0.72916667 | X24: 0.052083333 | Y24: =(W24-V24-X24)*24 -> 7.25 | Z24: =Y24-T24 -> 7.25 | AA24: =AC24-AB24 -> 0 | AB24: 7.25 | AC24: =ABS(Y24) -> 7.25
B25: 46162 | C25: =TEXT(B25,"aaa") -> 水 | T25: =SUM(D25:S25) -> 0 | V25: 0.375 | W25: 0.72916667 | X25: 0.052083333 | Y25: =(W25-V25-X25)*24 -> 7.25 | Z25: =Y25-T25 -> 7.25 | AA25: =AC25-AB25 -> 0 | AB25: 7.25 | AC25: =ABS(Y25) -> 7.25
B26: 46163 | C26: =TEXT(B26,"aaa") -> 木 | T26: =SUM(D26:S26) -> 0 | V26: 0.375 | W26: 0.72916667 | X26: 0.052083333 | Y26: =(W26-V26-X26)*24 -> 7.25 | Z26: =Y26-T26 -> 7.25 | AA26: =AC26-AB26 -> 0 | AB26: 7.25 | AC26: =ABS(Y26) -> 7.25
B27: 46164 | C27: =TEXT(B27,"aaa") -> 金 | T27: =SUM(D27:S27) -> 0 | V27: 0.375 | W27: 0.72916667 | X27: 0.052083333 | Y27: =(W27-V27-X27)*24 -> 7.25 | Z27: =Y27-T27 -> 7.25 | AA27: =AC27-AB27 -> 0 | AB27: 7.25 | AC27: =ABS(Y27) -> 7.25
B28: 46165 | C28: =TEXT(B28,"aaa") -> 土 | T28: =SUM(D28:S28) -> 0 | Y28: =(W28-V28-X28)*24 -> 0 | Z28: =Y28-T28 -> 0
B29: 46166 | C29: =TEXT(B29,"aaa") -> 日 | T29: =SUM(D29:S29) -> 0 | Y29: =(W29-V29-X29)*24 -> 0 | Z29: =Y29-T29 -> 0
B30: 46167 | C30: =TEXT(B30,"aaa") -> 月 | T30: =SUM(D30:S30) -> 0 | V30: 0.375 | W30: 0.72916667 | X30: 0.052083333 | Y30: =(W30-V30-X30)*24 -> 7.25 | Z30: =Y30-T30 -> 7.25 | AA30: =AC30-AB30 -> 0 | AB30: 7.25 | AC30: =ABS(Y30) -> 7.25
B31: 46168 | C31: =TEXT(B31,"aaa") -> 火 | T31: =SUM(D31:S31) -> 0 | V31: 0.375 | W31: 0.72916667 | X31: 0.052083333 | Y31: =(W31-V31-X31)*24 -> 7.25 | Z31: =Y31-T31 -> 7.25 | AA31: =AC31-AB31 -> 0 | AB31: 7.25 | AC31: =ABS(Y31) -> 7.25
B32: 46169 | C32: =TEXT(B32,"aaa") -> 水 | T32: =SUM(D32:S32) -> 0 | V32: 0.375 | W32: 0.72916667 | X32: 0.052083333 | Y32: =(W32-V32-X32)*24 -> 7.25 | Z32: =Y32-T32 -> 7.25 | AA32: =AC32-AB32 -> 0 | AB32: 7.25 | AC32: =ABS(Y32) -> 7.25
B33: 46170 | C33: =TEXT(B33,"aaa") -> 木 | T33: =SUM(D33:S33) -> 0 | V33: 0.375 | W33: 0.72916667 | X33: 0.052083333 | Y33: =(W33-V33-X33)*24 -> 7.25 | Z33: =Y33-T33 -> 7.25 | AA33: =AC33-AB33 -> 0 | AB33: 7.25 | AC33: =ABS(Y33) -> 7.25
B34: 46171 | C34: =TEXT(B34,"aaa") -> 金 | T34: =SUM(D34:S34) -> 0 | V34: 0.375 | W34: 0.72916667 | X34: 0.052083333 | Y34: =(W34-V34-X34)*24 -> 7.25 | Z34: =Y34-T34 -> 7.25 | AA34: =AC34-AB34 -> 0 | AB34: 7.25 | AC34: =ABS(Y34) -> 7.25
B35: 46172 | C35: =TEXT(B35,"aaa") -> 土 | T35: =SUM(D35:S35) -> 0 | Y35: =(W35-V35-X35)*24 -> 0 | Z35: =Y35-T35 -> 0
B36: 46173 | C36: =TEXT(B36,"aaa") -> 日 | T36: =SUM(D36:S36) -> 0 | Y36: =(W36-V36-X36)*24 -> 0 | Z36: =Y36-T36 -> 0
B37: 月 | C37: 合計 | D37: =SUM(D6:D36) -> 0 | E37: =SUM(E6:E36) -> 0 | F37: =SUM(F6:F36) -> 0 | G37: =SUM(G6:G36) -> 0 | H37: =SUM(H6:H36) -> 0 | I37: =SUM(I6:I36) -> 0 | J37: =SUM(J6:J36) -> 0 | K37: =SUM(K6:K36) -> 0 | ... T37: =SUM(T6:T36) -> 0 | AA37: =SUM(AA6:AA36) -> 0 | AB37: =SUM(AB6:AB36) -> 130.5
B40: 直接経費（交通費等） | T40: 合計（円） | U40: 備考
C41: =TEXT(B41,"aaa") -> 土 | T41: =SUM(D41:S41) -> 0
C42: =TEXT(B42,"aaa") -> 土 | T42: =SUM(D42:S42) -> 0
C43: =TEXT(B43,"aaa") -> 土 | T43: =SUM(D43:S43) -> 0
C44: =TEXT(B44,"aaa") -> 土 | T44: =SUM(D44:S44) -> 0
C45: =TEXT(B45,"aaa") -> 土 | T45: =SUM(D45:S45) -> 0
T46: =SUM(D46:S46) -> 0
T47: =SUM(D47:S47) -> 0
T48: =SUM(D48:S48) -> 0
T49: =SUM(D49:S49) -> 0
B50: 月 | C50: 合計 | D50: =SUM(D41:D49) -> 0 | E50: =SUM(E41:E49) -> 0 | F50: =SUM(F41:F49) -> 0 | G50: =SUM(G41:G49) -> 0 | H50: =SUM(H41:H49) -> 0 | I50: =SUM(I41:I49) -> 0 | J50: =SUM(J41:J49) -> 0 | K50: =SUM(K41:K49) -> 0 | ... T50: =SUM(T41:T49) -> 0

Sheet 6月
B2: No. （件番SheetのNo.を入力⇒） | S2: 99
B3: 件番（自動入力） | D3: =IF(ISERROR(VLOOKUP(D2,件番!$A$10:$D$113,2,FALSE)),"",(VLOOKUP(D2,件番!$A$10:$D$113,2,FALSE))) | E3: =IF(ISERROR(VLOOKUP(E2,件番!$A$10:$D$113,2,FALSE)),"",(VLOOKUP(E2,件番!$A$10:$D$113,2,FALSE))) | F3: =IF(ISERROR(VLOOKUP(F2,件番!$A$10:$D$113,2,FALSE)),"",(VLOOKUP(F2,件番!$A$10:$D$113,2,FALSE))) | G3: =IF(ISERROR(VLOOKUP(G2,件番!$A$10:$D$113,2,FALSE)),"",(VLOOKUP(G2,件番!$A$10:$D$113,2,FALSE))) | H3: =IF(ISERROR(VLOOKUP(H2,件番!$A$10:$D$113,2,FALSE)),"",(VLOOKUP(H2,件番!$A$10:$D$113,2,FALSE))) | I3: =IF(ISERROR(VLOOKUP(I2,件番!$A$10:$D$113,2,FALSE)),"",(VLOOKUP(I2,件番!$A$10:$D$113,2,FALSE))) | J3: =IF(ISERROR(VLOOKUP(J2,件番!$A$10:$D$113,2,FALSE)),"",(VLOOKUP(J2,件番!$A$10:$D$113,2,FALSE))) | K3: =IF(ISERROR(VLOOKUP(K2,件番!$A$10:$D$113,2,FALSE)),"",(VLOOKUP(K2,件番!$A$10:$D$113,2,FALSE))) | ... O3: =IF(ISERROR(VLOOKUP(O2,件番!$A$10:$D$113,2,FALSE)),"",(VLOOKUP(O2,件番!$A$10:$D$113,2,FALSE))) | R3: =IF(ISERROR(VLOOKUP(R2,件番!$A$10:$D$113,2,FALSE)),"",(VLOOKUP(R2,件番!$A$10:$D$113,2,FALSE))) | S3: =IF(ISERROR(VLOOKUP(S2,件番!$A$3:$D$113,2,FALSE)),"",(VLOOKUP(S2,件番!$A$3:$D$113,2,FALSE))) -> 2032B1008
B4: 件名（自動入力） | D4: =IF(ISERROR(VLOOKUP(D2,件番!$A$10:$D$113,2,FALSE)),"",(VLOOKUP(D2,件番!$A$10:$D$113,3,FALSE))) | E4: =IF(ISERROR(VLOOKUP(E2,件番!$A$10:$D$113,2,FALSE)),"",(VLOOKUP(E2,件番!$A$10:$D$113,3,FALSE))) | F4: =IF(ISERROR(VLOOKUP(F2,件番!$A$10:$D$113,2,FALSE)),"",(VLOOKUP(F2,件番!$A$10:$D$113,3,FALSE))) | G4: =IF(ISERROR(VLOOKUP(G2,件番!$A$10:$D$113,2,FALSE)),"",(VLOOKUP(G2,件番!$A$10:$D$113,3,FALSE))) | H4: =IF(ISERROR(VLOOKUP(H2,件番!$A$10:$D$113,2,FALSE)),"",(VLOOKUP(H2,件番!$A$10:$D$113,3,FALSE))) | I4: =IF(ISERROR(VLOOKUP(I2,件番!$A$10:$D$113,2,FALSE)),"",(VLOOKUP(I2,件番!$A$10:$D$113,3,FALSE))) | J4: =IF(ISERROR(VLOOKUP(J2,件番!$A$10:$D$113,2,FALSE)),"",(VLOOKUP(J2,件番!$A$10:$D$113,3,FALSE))) | K4: =IF(ISERROR(VLOOKUP(K2,件番!$A$10:$D$113,2,FALSE)),"",(VLOOKUP(K2,件番!$A$10:$D$113,3,FALSE))) | ... O4: =IF(ISERROR(VLOOKUP(O2,件番!$A$10:$D$113,2,FALSE)),"",(VLOOKUP(O2,件番!$A$10:$D$113,3,FALSE))) | R4: =IF(ISERROR(VLOOKUP(R2,件番!$A$10:$D$113,2,FALSE)),"",(VLOOKUP(R2,件番!$A$10:$D$113,3,FALSE))) | S4: =IF(ISERROR(VLOOKUP(S2,件番!$A$3:$D$113,2,FALSE)),"",(VLOOKUP(S2,件番!$A$3:$D$113,3,FALSE))) -> 関東交通整備
B5: 管理（自動入力） | D5: =IF(ISERROR(VLOOKUP(D2,件番!$A$10:$D$113,2,FALSE)),"",(VLOOKUP(D2,件番!$A$10:$D$113,4,FALSE))) | E5: =IF(ISERROR(VLOOKUP(E2,件番!$A$10:$D$113,2,FALSE)),"",(VLOOKUP(E2,件番!$A$10:$D$113,4,FALSE))) | F5: =IF(ISERROR(VLOOKUP(F2,件番!$A$10:$D$113,2,FALSE)),"",(VLOOKUP(F2,件番!$A$10:$D$113,4,FALSE))) | G5: =IF(ISERROR(VLOOKUP(G2,件番!$A$10:$D$113,2,FALSE)),"",(VLOOKUP(G2,件番!$A$10:$D$113,4,FALSE))) | H5: =IF(ISERROR(VLOOKUP(H2,件番!$A$10:$D$113,2,FALSE)),"",(VLOOKUP(H2,件番!$A$10:$D$113,4,FALSE))) | I5: =IF(ISERROR(VLOOKUP(I2,件番!$A$10:$D$113,2,FALSE)),"",(VLOOKUP(I2,件番!$A$10:$D$113,4,FALSE))) | J5: =IF(ISERROR(VLOOKUP(J2,件番!$A$10:$D$113,2,FALSE)),"",(VLOOKUP(J2,件番!$A$10:$D$113,4,FALSE))) | K5: =IF(ISERROR(VLOOKUP(K2,件番!$A$10:$D$113,2,FALSE)),"",(VLOOKUP(K2,件番!$A$10:$D$113,4,FALSE))) | ... O5: =IF(ISERROR(VLOOKUP(O2,件番!$A$10:$D$113,2,FALSE)),"",(VLOOKUP(O2,件番!$A$10:$D$113,4,FALSE))) | T5: 合計 | U5: 備考 | V5: 始業 | W5: 終業 | X5: 休憩 | Y5: 就業時間 | Z5: チェック
B6: 46174 | C6: =TEXT(B6,"aaa") -> 月 | T6: =SUM(D6:S6) -> 0 | V6: 0.375 | W6: 0.72916667 | X6: 0.052083333 | Y6: =(W6-V6-X6)*24 -> 7.25 | Z6: =Y6-T6 -> 7.25 | AA6: =AC6-AB6 -> 0 | AB6: 7.25 | AC6: =ABS(Y6) -> 7.25
B7: 46175 | C7: =TEXT(B7,"aaa") -> 火 | T7: =SUM(D7:S7) -> 0 | V7: 0.375 | W7: 0.72916667 | X7: 0.052083333 | Y7: =(W7-V7-X7)*24 -> 7.25 | Z7: =Y7-T7 -> 7.25 | AA7: =AC7-AB7 -> 0 | AB7: 7.25 | AC7: =ABS(Y7) -> 7.25
B8: 46176 | C8: =TEXT(B8,"aaa") -> 水 | T8: =SUM(D8:S8) -> 0 | V8: 0.375 | W8: 0.72916667 | X8: 0.052083333 | Y8: =(W8-V8-X8)*24 -> 7.25 | Z8: =Y8-T8 -> 7.25 | AA8: =AC8-AB8 -> 0 | AB8: 7.25 | AC8: =ABS(Y8) -> 7.25
B9: 46177 | C9: =TEXT(B9,"aaa") -> 木 | T9: =SUM(D9:S9) -> 0 | V9: 0.375 | W9: 0.72916667 | X9: 0.052083333 | Y9: =(W9-V9-X9)*24 -> 7.25 | Z9: =Y9-T9 -> 7.25 | AA9: =AC9-AB9 -> 0 | AB9: 7.25 | AC9: =ABS(Y9) -> 7.25
B10: 46178 | C10: =TEXT(B10,"aaa") -> 金 | T10: =SUM(D10:S10) -> 0 | V10: 0.375 | W10: 0.72916667 | X10: 0.052083333 | Y10: =(W10-V10-X10)*24 -> 7.25 | Z10: =Y10-T10 -> 7.25 | AA10: =AC10-AB10 -> 0 | AB10: 7.25 | AC10: =ABS(Y10) -> 7.25
B11: 46179 | C11: =TEXT(B11,"aaa") -> 土 | T11: =SUM(D11:S11) -> 0 | Y11: =(W11-V11-X11)*24 -> 0 | Z11: =Y11-T11 -> 0
B12: 46180 | C12: =TEXT(B12,"aaa") -> 日 | T12: =SUM(D12:S12) -> 0 | Y12: =(W12-V12-X12)*24 -> 0 | Z12: =Y12-T12 -> 0
B13: 46181 | C13: =TEXT(B13,"aaa") -> 月 | T13: =SUM(D13:S13) -> 0 | V13: 0.375 | W13: 0.72916667 | X13: 0.052083333 | Y13: =(W13-V13-X13)*24 -> 7.25 | Z13: =Y13-T13 -> 7.25 | AA13: =AC13-AB13 -> 0 | AB13: 7.25 | AC13: =ABS(Y13) -> 7.25
B14: 46182 | C14: =TEXT(B14,"aaa") -> 火 | T14: =SUM(D14:S14) -> 0 | V14: 0.375 | W14: 0.72916667 | X14: 0.052083333 | Y14: =(W14-V14-X14)*24 -> 7.25 | Z14: =Y14-T14 -> 7.25 | AA14: =AC14-AB14 -> 0 | AB14: 7.25 | AC14: =ABS(Y14) -> 7.25
B15: 46183 | C15: =TEXT(B15,"aaa") -> 水 | T15: =SUM(D15:S15) -> 0 | V15: 0.375 | W15: 0.72916667 | X15: 0.052083333 | Y15: =(W15-V15-X15)*24 -> 7.25 | Z15: =Y15-T15 -> 7.25 | AA15: =AC15-AB15 -> 0 | AB15: 7.25 | AC15: =ABS(Y15) -> 7.25
B16: 46184 | C16: =TEXT(B16,"aaa") -> 木 | T16: =SUM(D16:S16) -> 0 | V16: 0.375 | W16: 0.72916667 | X16: 0.052083333 | Y16: =(W16-V16-X16)*24 -> 7.25 | Z16: =Y16-T16 -> 7.25 | AA16: =AC16-AB16 -> 0 | AB16: 7.25 | AC16: =ABS(Y16) -> 7.25
B17: 46185 | C17: =TEXT(B17,"aaa") -> 金 | T17: =SUM(D17:S17) -> 0 | V17: 0.375 | W17: 0.72916667 | X17: 0.052083333 | Y17: =(W17-V17-X17)*24 -> 7.25 | Z17: =Y17-T17 -> 7.25 | AA17: =AC17-AB17 -> 0 | AB17: 7.25 | AC17: =ABS(Y17) -> 7.25
B18: 46186 | C18: =TEXT(B18,"aaa") -> 土 | T18: =SUM(D18:S18) -> 0 | Y18: =(W18-V18-X18)*24 -> 0 | Z18: =Y18-T18 -> 0
B19: 46187 | C19: =TEXT(B19,"aaa") -> 日 | T19: =SUM(D19:S19) -> 0 | Y19: =(W19-V19-X19)*24 -> 0 | Z19: =Y19-T19 -> 0
B20: 46188 | C20: =TEXT(B20,"aaa") -> 月 | T20: =SUM(D20:S20) -> 0 | V20: 0.375 | W20: 0.72916667 | X20: 0.052083333 | Y20: =(W20-V20-X20)*24 -> 7.25 | Z20: =Y20-T20 -> 7.25 | AA20: =AC20-AB20 -> 0 | AB20: 7.25 | AC20: =ABS(Y20) -> 7.25
B21: 46189 | C21: =TEXT(B21,"aaa") -> 火 | T21: =SUM(D21:S21) -> 0 | V21: 0.375 | W21: 0.72916667 | X21: 0.052083333 | Y21: =(W21-V21-X21)*24 -> 7.25 | Z21: =Y21-T21 -> 7.25 | AA21: =AC21-AB21 -> 0 | AB21: 7.25 | AC21: =ABS(Y21) -> 7.25
B22: 46190 | C22: =TEXT(B22,"aaa") -> 水 | T22: =SUM(D22:S22) -> 0 | V22: 0.375 | W22: 0.72916667 | X22: 0.052083333 | Y22: =(W22-V22-X22)*24 -> 7.25 | Z22: =Y22-T22 -> 7.25 | AA22: =AC22-AB22 -> 0 | AB22: 7.25 | AC22: =ABS(Y22) -> 7.25
B23: 46191 | C23: =TEXT(B23,"aaa") -> 木 | T23: =SUM(D23:S23) -> 0 | V23: 0.375 | W23: 0.72916667 | X23: 0.052083333 | Y23: =(W23-V23-X23)*24 -> 7.25 | Z23: =Y23-T23 -> 7.25 | AA23: =AC23-AB23 -> 0 | AB23: 7.25 | AC23: =ABS(Y23) -> 7.25
B24: 46192 | C24: =TEXT(B24,"aaa") -> 金 | T24: =SUM(D24:S24) -> 0 | V24: 0.375 | W24: 0.72916667 | X24: 0.052083333 | Y24: =(W24-V24-X24)*24 -> 7.25 | Z24: =Y24-T24 -> 7.25 | AA24: =AC24-AB24 -> 0 | AB24: 7.25 | AC24: =ABS(Y24) -> 7.25
B25: 46193 | C25: =TEXT(B25,"aaa") -> 土 | T25: =SUM(D25:S25) -> 0 | Y25: =(W25-V25-X25)*24 -> 0 | Z25: =Y25-T25 -> 0
B26: 46194 | C26: =TEXT(B26,"aaa") -> 日 | T26: =SUM(D26:S26) -> 0 | Y26: =(W26-V26-X26)*24 -> 0 | Z26: =Y26-T26 -> 0
B27: 46195 | C27: =TEXT(B27,"aaa") -> 月 | T27: =SUM(D27:S27) -> 0 | V27: 0.375 | W27: 0.72916667 | X27: 0.052083333 | Y27: =(W27-V27-X27)*24 -> 7.25 | Z27: =Y27-T27 -> 7.25 | AA27: =AC27-AB27 -> 0 | AB27: 7.25 | AC27: =ABS(Y27) -> 7.25
B28: 46196 | C28: =TEXT(B28,"aaa") -> 火 | T28: =SUM(D28:S28) -> 0 | V28: 0.375 | W28: 0.72916667 | X28: 0.052083333 | Y28: =(W28-V28-X28)*24 -> 7.25 | Z28: =Y28-T28 -> 7.25 | AA28: =AC28-AB28 -> 0 | AB28: 7.25 | AC28: =ABS(Y28) -> 7.25
B29: 46197 | C29: =TEXT(B29,"aaa") -> 水 | T29: =SUM(D29:S29) -> 0 | V29: 0.375 | W29: 0.72916667 | X29: 0.052083333 | Y29: =(W29-V29-X29)*24 -> 7.25 | Z29: =Y29-T29 -> 7.25 | AA29: =AC29-AB29 -> 0 | AB29: 7.25 | AC29: =ABS(Y29) -> 7.25
B30: 46198 | C30: =TEXT(B30,"aaa") -> 木 | T30: =SUM(D30:S30) -> 0 | V30: 0.375 | W30: 0.72916667 | X30: 0.052083333 | Y30: =(W30-V30-X30)*24 -> 7.25 | Z30: =Y30-T30 -> 7.25 | AA30: =AC30-AB30 -> 0 | AB30: 7.25 | AC30: =ABS(Y30) -> 7.25
B31: 46199 | C31: =TEXT(B31,"aaa") -> 金 | T31: =SUM(D31:S31) -> 0 | V31: 0.375 | W31: 0.72916667 | X31: 0.052083333 | Y31: =(W31-V31-X31)*24 -> 7.25 | Z31: =Y31-T31 -> 7.25 | AA31: =AC31-AB31 -> 0 | AB31: 7.25 | AC31: =ABS(Y31) -> 7.25
B32: 46200 | C32: =TEXT(B32,"aaa") -> 土 | T32: =SUM(D32:S32) -> 0 | Y32: =(W32-V32-X32)*24 -> 0 | Z32: =Y32-T32 -> 0
B33: 46201 | C33: =TEXT(B33,"aaa") -> 日 | T33: =SUM(D33:S33) -> 0 | Y33: =(W33-V33-X33)*24 -> 0 | Z33: =Y33-T33 -> 0
B34: 46202 | C34: =TEXT(B34,"aaa") -> 月 | T34: =SUM(D34:S34) -> 0 | V34: 0.375 | W34: 0.72916667 | X34: 0.052083333 | Y34: =(W34-V34-X34)*24 -> 7.25 | Z34: =Y34-T34 -> 7.25 | AA34: =AC34-AB34 -> 0 | AB34: 7.25 | AC34: =ABS(Y34) -> 7.25
B35: 46203 | C35: =TEXT(B35,"aaa") -> 火 | T35: =SUM(D35:S35) -> 0 | V35: 0.375 | W35: 0.72916667 | X35: 0.052083333 | Y35: =(W35-V35-X35)*24 -> 7.25 | Z35: =Y35-T35 -> 7.25 | AA35: =AC35-AB35 -> 0 | AB35: 7.25 | AC35: =ABS(Y35) -> 7.25
B37: 月 | C37: 合計 | D37: =SUM(D6:D36) -> 0 | E37: =SUM(E6:E36) -> 0 | F37: =SUM(F6:F36) -> 0 | G37: =SUM(G6:G36) -> 0 | H37: =SUM(H6:H36) -> 0 | I37: =SUM(I6:I36) -> 0 | J37: =SUM(J6:J36) -> 0 | K37: =SUM(K6:K36) -> 0 | ... T37: =SUM(T6:T36) -> 0 | AA37: =SUM(AA6:AA36) -> 0 | AB37: =SUM(AB6:AB36) -> 159.5
B40: 直接経費（交通費等） | T40: 合計（円） | U40: 備考
C41: =TEXT(B41,"aaa") -> 土 | T41: =SUM(D41:S41) -> 0
C42: =TEXT(B42,"aaa") -> 土 | T42: =SUM(D42:S42) -> 0
C43: =TEXT(B43,"aaa") -> 土 | T43: =SUM(D43:S43) -> 0
C44: =TEXT(B44,"aaa") -> 土 | T44: =SUM(D44:S44) -> 0
C45: =TEXT(B45,"aaa") -> 土 | T45: =SUM(D45:S45) -> 0
C46: =TEXT(B46,"aaa") -> 土 | T46: =SUM(D46:S46) -> 0
C47: =TEXT(B47,"aaa") -> 土 | T47: =SUM(D47:S47) -> 0
T48: =SUM(D48:S48) -> 0
T49: =SUM(D49:S49) -> 0
B50: 月 | C50: 合計 | D50: =SUM(D41:D49) -> 0 | E50: =SUM(E41:E49) -> 0 | F50: =SUM(F41:F49) -> 0 | G50: =SUM(G41:G49) -> 0 | H50: =SUM(H41:H49) -> 0 | I50: =SUM(I41:I49) -> 0 | J50: =SUM(J41:J49) -> 0 | K50: =SUM(K41:K49) -> 0 | ... T50: =SUM(T41:T49) -> 0

Sheet 7月
B2: No. （件番SheetのNo.を入力⇒） | S2: 99
B3: 件番（自動入力） | D3: =IF(ISERROR(VLOOKUP(D2,件番!$A$10:$D$113,2,FALSE)),"",(VLOOKUP(D2,件番!$A$10:$D$113,2,FALSE))) | E3: =IF(ISERROR(VLOOKUP(E2,件番!$A$10:$D$113,2,FALSE)),"",(VLOOKUP(E2,件番!$A$10:$D$113,2,FALSE))) | F3: =IF(ISERROR(VLOOKUP(F2,件番!$A$10:$D$113,2,FALSE)),"",(VLOOKUP(F2,件番!$A$10:$D$113,2,FALSE))) | G3: =IF(ISERROR(VLOOKUP(G2,件番!$A$10:$D$113,2,FALSE)),"",(VLOOKUP(G2,件番!$A$10:$D$113,2,FALSE))) | H3: =IF(ISERROR(VLOOKUP(H2,件番!$A$10:$D$113,2,FALSE)),"",(VLOOKUP(H2,件番!$A$10:$D$113,2,FALSE))) | I3: =IF(ISERROR(VLOOKUP(I2,件番!$A$10:$D$113,2,FALSE)),"",(VLOOKUP(I2,件番!$A$10:$D$113,2,FALSE))) | J3: =IF(ISERROR(VLOOKUP(J2,件番!$A$10:$D$113,2,FALSE)),"",(VLOOKUP(J2,件番!$A$10:$D$113,2,FALSE))) | K3: =IF(ISERROR(VLOOKUP(K2,件番!$A$10:$D$113,2,FALSE)),"",(VLOOKUP(K2,件番!$A$10:$D$113,2,FALSE))) | ... O3: =IF(ISERROR(VLOOKUP(O2,件番!$A$10:$D$113,2,FALSE)),"",(VLOOKUP(O2,件番!$A$10:$D$113,2,FALSE))) | S3: =IF(ISERROR(VLOOKUP(S2,件番!$A$3:$D$113,2,FALSE)),"",(VLOOKUP(S2,件番!$A$3:$D$113,2,FALSE))) -> 2032B1008
B4: 件名（自動入力） | D4: =IF(ISERROR(VLOOKUP(D2,件番!$A$10:$D$113,2,FALSE)),"",(VLOOKUP(D2,件番!$A$10:$D$113,3,FALSE))) | E4: =IF(ISERROR(VLOOKUP(E2,件番!$A$10:$D$113,2,FALSE)),"",(VLOOKUP(E2,件番!$A$10:$D$113,3,FALSE))) | F4: =IF(ISERROR(VLOOKUP(F2,件番!$A$10:$D$113,2,FALSE)),"",(VLOOKUP(F2,件番!$A$10:$D$113,3,FALSE))) | G4: =IF(ISERROR(VLOOKUP(G2,件番!$A$10:$D$113,2,FALSE)),"",(VLOOKUP(G2,件番!$A$10:$D$113,3,FALSE))) | H4: =IF(ISERROR(VLOOKUP(H2,件番!$A$10:$D$113,2,FALSE)),"",(VLOOKUP(H2,件番!$A$10:$D$113,3,FALSE))) | I4: =IF(ISERROR(VLOOKUP(I2,件番!$A$10:$D$113,2,FALSE)),"",(VLOOKUP(I2,件番!$A$10:$D$113,3,FALSE))) | J4: =IF(ISERROR(VLOOKUP(J2,件番!$A$10:$D$113,2,FALSE)),"",(VLOOKUP(J2,件番!$A$10:$D$113,3,FALSE))) | K4: =IF(ISERROR(VLOOKUP(K2,件番!$A$10:$D$113,2,FALSE)),"",(VLOOKUP(K2,件番!$A$10:$D$113,3,FALSE))) | ... O4: =IF(ISERROR(VLOOKUP(O2,件番!$A$10:$D$113,2,FALSE)),"",(VLOOKUP(O2,件番!$A$10:$D$113,3,FALSE))) | S4: =IF(ISERROR(VLOOKUP(S2,件番!$A$3:$D$113,2,FALSE)),"",(VLOOKUP(S2,件番!$A$3:$D$113,3,FALSE))) -> 関東交通整備
B5: 管理（自動入力） | D5: =IF(ISERROR(VLOOKUP(D2,件番!$A$10:$D$113,2,FALSE)),"",(VLOOKUP(D2,件番!$A$10:$D$113,4,FALSE))) | E5: =IF(ISERROR(VLOOKUP(E2,件番!$A$10:$D$113,2,FALSE)),"",(VLOOKUP(E2,件番!$A$10:$D$113,4,FALSE))) | F5: =IF(ISERROR(VLOOKUP(F2,件番!$A$10:$D$113,2,FALSE)),"",(VLOOKUP(F2,件番!$A$10:$D$113,4,FALSE))) | G5: =IF(ISERROR(VLOOKUP(G2,件番!$A$10:$D$113,2,FALSE)),"",(VLOOKUP(G2,件番!$A$10:$D$113,4,FALSE))) | H5: =IF(ISERROR(VLOOKUP(H2,件番!$A$10:$D$113,2,FALSE)),"",(VLOOKUP(H2,件番!$A$10:$D$113,4,FALSE))) | I5: =IF(ISERROR(VLOOKUP(I2,件番!$A$10:$D$113,2,FALSE)),"",(VLOOKUP(I2,件番!$A$10:$D$113,4,FALSE))) | J5: =IF(ISERROR(VLOOKUP(J2,件番!$A$10:$D$113,2,FALSE)),"",(VLOOKUP(J2,件番!$A$10:$D$113,4,FALSE))) | K5: =IF(ISERROR(VLOOKUP(K2,件番!$A$10:$D$113,2,FALSE)),"",(VLOOKUP(K2,件番!$A$10:$D$113,4,FALSE))) | ... O5: =IF(ISERROR(VLOOKUP(O2,件番!$A$10:$D$113,2,FALSE)),"",(VLOOKUP(O2,件番!$A$10:$D$113,4,FALSE))) | T5: 合計 | U5: 備考 | V5: 始業 | W5: 終業 | X5: 休憩 | Y5: 就業時間 | Z5: チェック
B6: 46204 | C6: =TEXT(B6,"aaa") -> 水 | T6: =SUM(D6:S6) -> 0 | V6: 0.375 | W6: 0.72916667 | X6: 0.052083333 | Y6: =(W6-V6-X6)*24 -> 7.25 | Z6: =Y6-T6 -> 7.25 | AA6: =AC6-AB6 -> 0 | AB6: 7.25 | AC6: =ABS(Y6) -> 7.25
B7: 46205 | C7: =TEXT(B7,"aaa") -> 木 | T7: =SUM(D7:S7) -> 0 | V7: 0.375 | W7: 0.72916667 | X7: 0.052083333 | Y7: =(W7-V7-X7)*24 -> 7.25 | Z7: =Y7-T7 -> 7.25 | AA7: =AC7-AB7 -> 0 | AB7: 7.25 | AC7: =ABS(Y7) -> 7.25
B8: 46206 | C8: =TEXT(B8,"aaa") -> 金 | T8: =SUM(D8:S8) -> 0 | V8: 0.375 | W8: 0.72916667 | X8: 0.052083333 | Y8: =(W8-V8-X8)*24 -> 7.25 | Z8: =Y8-T8 -> 7.25 | AA8: =AC8-AB8 -> 0 | AB8: 7.25 | AC8: =ABS(Y8) -> 7.25
B9: 46207 | C9: =TEXT(B9,"aaa") -> 土 | T9: =SUM(D9:S9) -> 0 | Y9: =(W9-V9-X9)*24 -> 0 | Z9: =Y9-T9 -> 0
B10: 46208 | C10: =TEXT(B10,"aaa") -> 日 | T10: =SUM(D10:S10) -> 0 | Y10: =(W10-V10-X10)*24 -> 0 | Z10: =Y10-T10 -> 0
B11: 46209 | C11: =TEXT(B11,"aaa") -> 月 | T11: =SUM(D11:S11) -> 0 | V11: 0.375 | W11: 0.72916667 | X11: 0.052083333 | Y11: =(W11-V11-X11)*24 -> 7.25 | Z11: =Y11-T11 -> 7.25 | AA11: =AC11-AB11 -> 0 | AB11: 7.25 | AC11: =ABS(Y11) -> 7.25
B12: 46210 | C12: =TEXT(B12,"aaa") -> 火 | T12: =SUM(D12:S12) -> 0 | V12: 0.375 | W12: 0.72916667 | X12: 0.052083333 | Y12: =(W12-V12-X12)*24 -> 7.25 | Z12: =Y12-T12 -> 7.25 | AA12: =AC12-AB12 -> 0 | AB12: 7.25 | AC12: =ABS(Y12) -> 7.25
B13: 46211 | C13: =TEXT(B13,"aaa") -> 水 | T13: =SUM(D13:S13) -> 0 | V13: 0.375 | W13: 0.72916667 | X13: 0.052083333 | Y13: =(W13-V13-X13)*24 -> 7.25 | Z13: =Y13-T13 -> 7.25 | AA13: =AC13-AB13 -> 0 | AB13: 7.25 | AC13: =ABS(Y13) -> 7.25
B14: 46212 | C14: =TEXT(B14,"aaa") -> 木 | T14: =SUM(D14:S14) -> 0 | V14: 0.375 | W14: 0.72916667 | X14: 0.052083333 | Y14: =(W14-V14-X14)*24 -> 7.25 | Z14: =Y14-T14 -> 7.25 | AA14: =AC14-AB14 -> 0 | AB14: 7.25 | AC14: =ABS(Y14) -> 7.25
B15: 46213 | C15: =TEXT(B15,"aaa") -> 金 | T15: =SUM(D15:S15) -> 0 | V15: 0.375 | W15: 0.72916667 | X15: 0.052083333 | Y15: =(W15-V15-X15)*24 -> 7.25 | Z15: =Y15-T15 -> 7.25 | AA15: =AC15-AB15 -> 0 | AB15: 7.25 | AC15: =ABS(Y15) -> 7.25
B16: 46214 | C16: =TEXT(B16,"aaa") -> 土 | T16: =SUM(D16:S16) -> 0 | Y16: =(W16-V16-X16)*24 -> 0 | Z16: =Y16-T16 -> 0
B17: 46215 | C17: =TEXT(B17,"aaa") -> 日 | T17: =SUM(D17:S17) -> 0 | Y17: =(W17-V17-X17)*24 -> 0 | Z17: =Y17-T17 -> 0
B18: 46216 | C18: =TEXT(B18,"aaa") -> 月 | T18: =SUM(D18:S18) -> 0 | V18: 0.375 | W18: 0.72916667 | X18: 0.052083333 | Y18: =(W18-V18-X18)*24 -> 7.25 | Z18: =Y18-T18 -> 7.25 | AA18: =AC18-AB18 -> 0 | AB18: 7.25 | AC18: =ABS(Y18) -> 7.25
B19: 46217 | C19: =TEXT(B19,"aaa") -> 火 | T19: =SUM(D19:S19) -> 0 | V19: 0.375 | W19: 0.72916667 | X19: 0.052083333 | Y19: =(W19-V19-X19)*24 -> 7.25 | Z19: =Y19-T19 -> 7.25 | AA19: =AC19-AB19 -> 0 | AB19: 7.25 | AC19: =ABS(Y19) -> 7.25
B20: 46218 | C20: =TEXT(B20,"aaa") -> 水 | T20: =SUM(D20:S20) -> 0 | V20: 0.375 | W20: 0.72916667 | X20: 0.052083333 | Y20: =(W20-V20-X20)*24 -> 7.25 | Z20: =Y20-T20 -> 7.25 | AA20: =AC20-AB20 -> 0 | AB20: 7.25 | AC20: =ABS(Y20) -> 7.25
B21: 46219 | C21: =TEXT(B21,"aaa") -> 木 | T21: =SUM(D21:S21) -> 0 | V21: 0.375 | W21: 0.72916667 | X21: 0.052083333 | Y21: =(W21-V21-X21)*24 -> 7.25 | Z21: =Y21-T21 -> 7.25 | AA21: =AC21-AB21 -> 0 | AB21: 7.25 | AC21: =ABS(Y21) -> 7.25
B22: 46220 | C22: =TEXT(B22,"aaa") -> 金 | T22: =SUM(D22:S22) -> 0 | V22: 0.375 | W22: 0.72916667 | X22: 0.052083333 | Y22: =(W22-V22-X22)*24 -> 7.25 | Z22: =Y22-T22 -> 7.25 | AA22: =AC22-AB22 -> 0 | AB22: 7.25 | AC22: =ABS(Y22) -> 7.25
B23: 46221 | C23: =TEXT(B23,"aaa") -> 土 | T23: =SUM(D23:S23) -> 0 | Y23: =(W23-V23-X23)*24 -> 0 | Z23: =Y23-T23 -> 0
B24: 46222 | C24: =TEXT(B24,"aaa") -> 日 | T24: =SUM(D24:S24) -> 0 | Y24: =(W24-V24-X24)*24 -> 0 | Z24: =Y24-T24 -> 0
B25: 46223 | C25: =TEXT(B25,"aaa") -> 月 | T25: =SUM(D25:S25) -> 0 | U25: 海の日 | Y25: =(W25-V25-X25)*24 -> 0 | Z25: =Y25-T25 -> 0
B26: 46224 | C26: =TEXT(B26,"aaa") -> 火 | T26: =SUM(D26:S26) -> 0 | V26: 0.375 | W26: 0.72916667 | X26: 0.052083333 | Y26: =(W26-V26-X26)*24 -> 7.25 | Z26: =Y26-T26 -> 7.25 | AA26: =AC26-AB26 -> 0 | AB26: 7.25 | AC26: =ABS(Y26) -> 7.25
B27: 46225 | C27: =TEXT(B27,"aaa") -> 水 | T27: =SUM(D27:S27) -> 0 | V27: 0.375 | W27: 0.72916667 | X27: 0.052083333 | Y27: =(W27-V27-X27)*24 -> 7.25 | Z27: =Y27-T27 -> 7.25 | AA27: =AC27-AB27 -> 0 | AB27: 7.25 | AC27: =ABS(Y27) -> 7.25
B28: 46226 | C28: =TEXT(B28,"aaa") -> 木 | T28: =SUM(D28:S28) -> 0 | V28: 0.375 | W28: 0.72916667 | X28: 0.052083333 | Y28: =(W28-V28-X28)*24 -> 7.25 | Z28: =Y28-T28 -> 7.25 | AA28: =AC28-AB28 -> 0 | AB28: 7.25 | AC28: =ABS(Y28) -> 7.25
B29: 46227 | C29: =TEXT(B29,"aaa") -> 金 | T29: =SUM(D29:S29) -> 0 | V29: 0.375 | W29: 0.72916667 | X29: 0.052083333 | Y29: =(W29-V29-X29)*24 -> 7.25 | Z29: =Y29-T29 -> 7.25 | AA29: =AC29-AB29 -> 0 | AB29: 7.25 | AC29: =ABS(Y29) -> 7.25
B30: 46228 | C30: =TEXT(B30,"aaa") -> 土 | T30: =SUM(D30:S30) -> 0 | Y30: =(W30-V30-X30)*24 -> 0 | Z30: =Y30-T30 -> 0
B31: 46229 | C31: =TEXT(B31,"aaa") -> 日 | T31: =SUM(D31:S31) -> 0 | Y31: =(W31-V31-X31)*24 -> 0 | Z31: =Y31-T31 -> 0
B32: 46230 | C32: =TEXT(B32,"aaa") -> 月 | T32: =SUM(D32:S32) -> 0 | V32: 0.375 | W32: 0.72916667 | X32: 0.052083333 | Y32: =(W32-V32-X32)*24 -> 7.25 | Z32: =Y32-T32 -> 7.25 | AA32: =AC32-AB32 -> 0 | AB32: 7.25 | AC32: =ABS(Y32) -> 7.25
B33: 46231 | C33: =TEXT(B33,"aaa") -> 火 | T33: =SUM(D33:S33) -> 0 | V33: 0.375 | W33: 0.72916667 | X33: 0.052083333 | Y33: =(W33-V33-X33)*24 -> 7.25 | Z33: =Y33-T33 -> 7.25 | AA33: =AC33-AB33 -> 0 | AB33: 7.25 | AC33: =ABS(Y33) -> 7.25
B34: 46232 | C34: =TEXT(B34,"aaa") -> 水 | T34: =SUM(D34:S34) -> 0 | V34: 0.375 | W34: 0.72916667 | X34: 0.052083333 | Y34: =(W34-V34-X34)*24 -> 7.25 | Z34: =Y34-T34 -> 7.25 | AA34: =AC34-AB34 -> 0 | AB34: 7.25 | AC34: =ABS(Y34) -> 7.25
B35: 46233 | C35: =TEXT(B35,"aaa") -> 木 | T35: =SUM(D35:S35) -> 0 | V35: 0.375 | W35: 0.72916667 | X35: 0.052083333 | Y35: =(W35-V35-X35)*24 -> 7.25 | Z35: =Y35-T35 -> 7.25 | AA35: =AC35-AB35 -> 0 | AB35: 7.25 | AC35: =ABS(Y35) -> 7.25
B36: 46234 | C36: =TEXT(B36,"aaa") -> 金 | T36: =SUM(D36:S36) -> 0 | V36: 0.375 | W36: 0.72916667 | X36: 0.052083333 | Y36: =(W36-V36-X36)*24 -> 7.25 | Z36: =Y36-T36 -> 7.25 | AA36: =AC36-AB36 -> 0 | AB36: 7.25 | AC36: =ABS(Y36) -> 7.25
B37: 月 | C37: 合計 | D37: =SUM(D6:D36) -> 0 | E37: =SUM(E6:E36) -> 0 | F37: =SUM(F6:F36) -> 0 | G37: =SUM(G6:G36) -> 0 | H37: =SUM(H6:H36) -> 0 | I37: =SUM(I6:I36) -> 0 | J37: =SUM(J6:J36) -> 0 | K37: =SUM(K6:K36) -> 0 | ... T37: =SUM(T6:T36) -> 0 | AA37: =SUM(AA6:AA36) -> 0 | AB37: =SUM(AB6:AB36) -> 159.5
B40: 直接経費（交通費等） | T40: 合計（円） | U40: 備考
C41: =TEXT(B41,"aaa") -> 土 | T41: =SUM(D41:S41) -> 0
C42: =TEXT(B42,"aaa") -> 土 | T42: =SUM(D42:S42) -> 0
C43: =TEXT(B43,"aaa") -> 土 | T43: =SUM(D43:S43) -> 0
C44: =TEXT(B44,"aaa") -> 土 | T44: =SUM(D44:S44) -> 0
C45: =TEXT(B45,"aaa") -> 土 | T45: =SUM(D45:S45) -> 0
T46: =SUM(D46:S46) -> 0
T47: =SUM(D47:S47) -> 0
T48: =SUM(D48:S48) -> 0
T49: =SUM(D49:S49) -> 0
B50: 月 | C50: 合計 | D50: =SUM(D41:D49) -> 0 | E50: =SUM(E41:E49) -> 0 | F50: =SUM(F41:F49) -> 0 | G50: =SUM(G41:G49) -> 0 | H50: =SUM(H41:H49) -> 0 | I50: =SUM(I41:I49) -> 0 | J50: =SUM(J41:J49) -> 0 | K50: =SUM(K41:K49) -> 0 | ... T50: =SUM(T41:T49) -> 0

Sheet 8月
B2: No. （件番SheetのNo.を入力⇒） | S2: 99
B3: 件番（自動入力） | D3: =IF(ISERROR(VLOOKUP(D2,件番!$A$10:$D$113,2,FALSE)),"",(VLOOKUP(D2,件番!$A$10:$D$113,2,FALSE))) | E3: =IF(ISERROR(VLOOKUP(E2,件番!$A$10:$D$113,2,FALSE)),"",(VLOOKUP(E2,件番!$A$10:$D$113,2,FALSE))) | F3: =IF(ISERROR(VLOOKUP(F2,件番!$A$10:$D$113,2,FALSE)),"",(VLOOKUP(F2,件番!$A$10:$D$113,2,FALSE))) | G3: =IF(ISERROR(VLOOKUP(G2,件番!$A$10:$D$113,2,FALSE)),"",(VLOOKUP(G2,件番!$A$10:$D$113,2,FALSE))) | H3: =IF(ISERROR(VLOOKUP(H2,件番!$A$10:$D$113,2,FALSE)),"",(VLOOKUP(H2,件番!$A$10:$D$113,2,FALSE))) | I3: =IF(ISERROR(VLOOKUP(I2,件番!$A$10:$D$113,2,FALSE)),"",(VLOOKUP(I2,件番!$A$10:$D$113,2,FALSE))) | J3: =IF(ISERROR(VLOOKUP(J2,件番!$A$10:$D$113,2,FALSE)),"",(VLOOKUP(J2,件番!$A$10:$D$113,2,FALSE))) | K3: =IF(ISERROR(VLOOKUP(K2,件番!$A$10:$D$113,2,FALSE)),"",(VLOOKUP(K2,件番!$A$10:$D$113,2,FALSE))) | ... O3: =IF(ISERROR(VLOOKUP(O2,件番!$A$10:$D$113,2,FALSE)),"",(VLOOKUP(O2,件番!$A$10:$D$113,2,FALSE))) | S3: =IF(ISERROR(VLOOKUP(S2,件番!$A$3:$D$113,2,FALSE)),"",(VLOOKUP(S2,件番!$A$3:$D$113,2,FALSE))) -> 2032B1008
B4: 件名（自動入力） | D4: =IF(ISERROR(VLOOKUP(D2,件番!$A$10:$D$113,2,FALSE)),"",(VLOOKUP(D2,件番!$A$10:$D$113,3,FALSE))) | E4: =IF(ISERROR(VLOOKUP(E2,件番!$A$10:$D$113,2,FALSE)),"",(VLOOKUP(E2,件番!$A$10:$D$113,3,FALSE))) | F4: =IF(ISERROR(VLOOKUP(F2,件番!$A$10:$D$113,2,FALSE)),"",(VLOOKUP(F2,件番!$A$10:$D$113,3,FALSE))) | G4: =IF(ISERROR(VLOOKUP(G2,件番!$A$10:$D$113,2,FALSE)),"",(VLOOKUP(G2,件番!$A$10:$D$113,3,FALSE))) | H4: =IF(ISERROR(VLOOKUP(H2,件番!$A$10:$D$113,2,FALSE)),"",(VLOOKUP(H2,件番!$A$10:$D$113,3,FALSE))) | I4: =IF(ISERROR(VLOOKUP(I2,件番!$A$10:$D$113,2,FALSE)),"",(VLOOKUP(I2,件番!$A$10:$D$113,3,FALSE))) | J4: =IF(ISERROR(VLOOKUP(J2,件番!$A$10:$D$113,2,FALSE)),"",(VLOOKUP(J2,件番!$A$10:$D$113,3,FALSE))) | K4: =IF(ISERROR(VLOOKUP(K2,件番!$A$10:$D$113,2,FALSE)),"",(VLOOKUP(K2,件番!$A$10:$D$113,3,FALSE))) | ... O4: =IF(ISERROR(VLOOKUP(O2,件番!$A$10:$D$113,2,FALSE)),"",(VLOOKUP(O2,件番!$A$10:$D$113,3,FALSE))) | S4: =IF(ISERROR(VLOOKUP(S2,件番!$A$3:$D$113,2,FALSE)),"",(VLOOKUP(S2,件番!$A$3:$D$113,3,FALSE))) -> 関東交通整備
B5: 管理（自動入力） | D5: =IF(ISERROR(VLOOKUP(D2,件番!$A$10:$D$113,2,FALSE)),"",(VLOOKUP(D2,件番!$A$10:$D$113,4,FALSE))) | E5: =IF(ISERROR(VLOOKUP(E2,件番!$A$10:$D$113,2,FALSE)),"",(VLOOKUP(E2,件番!$A$10:$D$113,4,FALSE))) | F5: =IF(ISERROR(VLOOKUP(F2,件番!$A$10:$D$113,2,FALSE)),"",(VLOOKUP(F2,件番!$A$10:$D$113,4,FALSE))) | G5: =IF(ISERROR(VLOOKUP(G2,件番!$A$10:$D$113,2,FALSE)),"",(VLOOKUP(G2,件番!$A$10:$D$113,4,FALSE))) | H5: =IF(ISERROR(VLOOKUP(H2,件番!$A$10:$D$113,2,FALSE)),"",(VLOOKUP(H2,件番!$A$10:$D$113,4,FALSE))) | I5: =IF(ISERROR(VLOOKUP(I2,件番!$A$10:$D$113,2,FALSE)),"",(VLOOKUP(I2,件番!$A$10:$D$113,4,FALSE))) | J5: =IF(ISERROR(VLOOKUP(J2,件番!$A$10:$D$113,2,FALSE)),"",(VLOOKUP(J2,件番!$A$10:$D$113,4,FALSE))) | K5: =IF(ISERROR(VLOOKUP(K2,件番!$A$10:$D$113,2,FALSE)),"",(VLOOKUP(K2,件番!$A$10:$D$113,4,FALSE))) | ... O5: =IF(ISERROR(VLOOKUP(O2,件番!$A$10:$D$113,2,FALSE)),"",(VLOOKUP(O2,件番!$A$10:$D$113,4,FALSE))) | S5: =IF(ISERROR(VLOOKUP(S2,件番!$A$3:$D$113,2,FALSE)),"",(VLOOKUP(S2,件番!$A$3:$D$113,4,FALSE))) -> 0 | T5: 合計 | U5: 備考 | V5: 始業 | W5: 終業 | X5: 休憩 | Y5: 就業時間 | Z5: チェック
B6: 46235 | C6: =TEXT(B6,"aaa") -> 土 | T6: =SUM(D6:S6) -> 0 | Y6: =(W6-V6-X6)*24 -> 0 | Z6: =Y6-T6 -> 0
B7: 46236 | C7: =TEXT(B7,"aaa") -> 日 | T7: =SUM(D7:S7) -> 0 | Y7: =(W7-V7-X7)*24 -> 0 | Z7: =Y7-T7 -> 0
B8: 46237 | C8: =TEXT(B8,"aaa") -> 月 | T8: =SUM(D8:S8) -> 0 | V8: 0.375 | W8: 0.72916667 | X8: 0.052083333 | Y8: =(W8-V8-X8)*24 -> 7.25 | Z8: =Y8-T8 -> 7.25 | AA8: =AC8-AB8 -> 0 | AB8: 7.25 | AC8: =ABS(Y8) -> 7.25
B9: 46238 | C9: =TEXT(B9,"aaa") -> 火 | T9: =SUM(D9:S9) -> 0 | V9: 0.375 | W9: 0.72916667 | X9: 0.052083333 | Y9: =(W9-V9-X9)*24 -> 7.25 | Z9: =Y9-T9 -> 7.25 | AA9: =AC9-AB9 -> 0 | AB9: 7.25 | AC9: =ABS(Y9) -> 7.25
B10: 46239 | C10: =TEXT(B10,"aaa") -> 水 | T10: =SUM(D10:S10) -> 0 | V10: 0.375 | W10: 0.72916667 | X10: 0.052083333 | Y10: =(W10-V10-X10)*24 -> 7.25 | Z10: =Y10-T10 -> 7.25 | AA10: =AC10-AB10 -> 0 | AB10: 7.25 | AC10: =ABS(Y10) -> 7.25
B11: 46240 | C11: =TEXT(B11,"aaa") -> 木 | T11: =SUM(D11:S11) -> 0 | V11: 0.375 | W11: 0.72916667 | X11: 0.052083333 | Y11: =(W11-V11-X11)*24 -> 7.25 | Z11: =Y11-T11 -> 7.25 | AA11: =AC11-AB11 -> 0 | AB11: 7.25 | AC11: =ABS(Y11) -> 7.25
B12: 46241 | C12: =TEXT(B12,"aaa") -> 金 | T12: =SUM(D12:S12) -> 0 | V12: 0.375 | W12: 0.72916667 | X12: 0.052083333 | Y12: =(W12-V12-X12)*24 -> 7.25 | Z12: =Y12-T12 -> 7.25 | AA12: =AC12-AB12 -> 0 | AB12: 7.25 | AC12: =ABS(Y12) -> 7.25
B13: 46242 | C13: =TEXT(B13,"aaa") -> 土 | T13: =SUM(D13:S13) -> 0 | Y13: =(W13-V13-X13)*24 -> 0 | Z13: =Y13-T13 -> 0
B14: 46243 | C14: =TEXT(B14,"aaa") -> 日 | T14: =SUM(D14:S14) -> 0 | Y14: =(W14-V14-X14)*24 -> 0 | Z14: =Y14-T14 -> 0
B15: 46244 | C15: =TEXT(B15,"aaa") -> 月 | T15: =SUM(D15:S15) -> 0 | V15: 0.375 | W15: 0.72916667 | X15: 0.052083333 | Y15: =(W15-V15-X15)*24 -> 7.25 | Z15: =Y15-T15 -> 7.25 | AA15: =AC15-AB15 -> 0 | AB15: 7.25 | AC15: =ABS(Y15) -> 7.25
B16: 46245 | C16: =TEXT(B16,"aaa") -> 火 | T16: =SUM(D16:S16) -> 0 | U16: 山の日 | Y16: =(W16-V16-X16)*24 -> 0 | Z16: =Y16-T16 -> 0
B17: 46246 | C17: =TEXT(B17,"aaa") -> 水 | T17: =SUM(D17:S17) -> 0 | V17: 0.375 | W17: 0.72916667 | X17: 0.052083333 | Y17: =(W17-V17-X17)*24 -> 7.25 | Z17: =Y17-T17 -> 7.25 | AA17: =AC17-AB17 -> 0 | AB17: 7.25 | AC17: =ABS(Y17) -> 7.25
B18: 46247 | C18: =TEXT(B18,"aaa") -> 木 | T18: =SUM(D18:S18) -> 0 | V18: 0.375 | W18: 0.72916667 | X18: 0.052083333 | Y18: =(W18-V18-X18)*24 -> 7.25 | Z18: =Y18-T18 -> 7.25 | AA18: =AC18-AB18 -> 0 | AB18: 7.25 | AC18: =ABS(Y18) -> 7.25
B19: 46248 | C19: =TEXT(B19,"aaa") -> 金 | T19: =SUM(D19:S19) -> 0 | V19: 0.375 | W19: 0.72916667 | X19: 0.052083333 | Y19: =(W19-V19-X19)*24 -> 7.25 | Z19: =Y19-T19 -> 7.25 | AA19: =AC19-AB19 -> 0 | AB19: 7.25 | AC19: =ABS(Y19) -> 7.25
B20: 46249 | C20: =TEXT(B20,"aaa") -> 土 | T20: =SUM(D20:S20) -> 0 | Y20: =(W20-V20-X20)*24 -> 0 | Z20: =Y20-T20 -> 0
B21: 46250 | C21: =TEXT(B21,"aaa") -> 日 | T21: =SUM(D21:S21) -> 0 | Y21: =(W21-V21-X21)*24 -> 0 | Z21: =Y21-T21 -> 0
B22: 46251 | C22: =TEXT(B22,"aaa") -> 月 | T22: =SUM(D22:S22) -> 0 | V22: 0.375 | W22: 0.72916667 | X22: 0.052083333 | Y22: =(W22-V22-X22)*24 -> 7.25 | Z22: =Y22-T22 -> 7.25 | AA22: =AC22-AB22 -> 0 | AB22: 7.25 | AC22: =ABS(Y22) -> 7.25
B23: 46252 | C23: =TEXT(B23,"aaa") -> 火 | T23: =SUM(D23:S23) -> 0 | V23: 0.375 | W23: 0.72916667 | X23: 0.052083333 | Y23: =(W23-V23-X23)*24 -> 7.25 | Z23: =Y23-T23 -> 7.25 | AA23: =AC23-AB23 -> 0 | AB23: 7.25 | AC23: =ABS(Y23) -> 7.25
B24: 46253 | C24: =TEXT(B24,"aaa") -> 水 | T24: =SUM(D24:S24) -> 0 | V24: 0.375 | W24: 0.72916667 | X24: 0.052083333 | Y24: =(W24-V24-X24)*24 -> 7.25 | Z24: =Y24-T24 -> 7.25 | AA24: =AC24-AB24 -> 0 | AB24: 7.25 | AC24: =ABS(Y24) -> 7.25
B25: 46254 | C25: =TEXT(B25,"aaa") -> 木 | T25: =SUM(D25:S25) -> 0 | V25: 0.375 | W25: 0.72916667 | X25: 0.052083333 | Y25: =(W25-V25-X25)*24 -> 7.25 | Z25: =Y25-T25 -> 7.25 | AA25: =AC25-AB25 -> 0 | AB25: 7.25 | AC25: =ABS(Y25) -> 7.25
B26: 46255 | C26: =TEXT(B26,"aaa") -> 金 | T26: =SUM(D26:S26) -> 0 | V26: 0.375 | W26: 0.72916667 | X26: 0.052083333 | Y26: =(W26-V26-X26)*24 -> 7.25 | Z26: =Y26-T26 -> 7.25 | AA26: =AC26-AB26 -> 0 | AB26: 7.25 | AC26: =ABS(Y26) -> 7.25
B27: 46256 | C27: =TEXT(B27,"aaa") -> 土 | T27: =SUM(D27:S27) -> 0 | Y27: =(W27-V27-X27)*24 -> 0 | Z27: =Y27-T27 -> 0
B28: 46257 | C28: =TEXT(B28,"aaa") -> 日 | T28: =SUM(D28:S28) -> 0 | Y28: =(W28-V28-X28)*24 -> 0 | Z28: =Y28-T28 -> 0
B29: 46258 | C29: =TEXT(B29,"aaa") -> 月 | T29: =SUM(D29:S29) -> 0 | V29: 0.375 | W29: 0.72916667 | X29: 0.052083333 | Y29: =(W29-V29-X29)*24 -> 7.25 | Z29: =Y29-T29 -> 7.25 | AA29: =AC29-AB29 -> 0 | AB29: 7.25 | AC29: =ABS(Y29) -> 7.25
B30: 46259 | C30: =TEXT(B30,"aaa") -> 火 | T30: =SUM(D30:S30) -> 0 | V30: 0.375 | W30: 0.72916667 | X30: 0.052083333 | Y30: =(W30-V30-X30)*24 -> 7.25 | Z30: =Y30-T30 -> 7.25 | AA30: =AC30-AB30 -> 0 | AB30: 7.25 | AC30: =ABS(Y30) -> 7.25
B31: 46260 | C31: =TEXT(B31,"aaa") -> 水 | T31: =SUM(D31:S31) -> 0 | V31: 0.375 | W31: 0.72916667 | X31: 0.052083333 | Y31: =(W31-V31-X31)*24 -> 7.25 | Z31: =Y31-T31 -> 7.25 | AA31: =AC31-AB31 -> 0 | AB31: 7.25 | AC31: =ABS(Y31) -> 7.25
B32: 46261 | C32: =TEXT(B32,"aaa") -> 木 | T32: =SUM(D32:S32) -> 0 | V32: 0.375 | W32: 0.72916667 | X32: 0.052083333 | Y32: =(W32-V32-X32)*24 -> 7.25 | Z32: =Y32-T32 -> 7.25 | AA32: =AC32-AB32 -> 0 | AB32: 7.25 | AC32: =ABS(Y32) -> 7.25
B33: 46262 | C33: =TEXT(B33,"aaa") -> 金 | T33: =SUM(D33:S33) -> 0 | V33: 0.375 | W33: 0.72916667 | X33: 0.052083333 | Y33: =(W33-V33-X33)*24 -> 7.25 | Z33: =Y33-T33 -> 7.25 | AA33: =AC33-AB33 -> 0 | AB33: 7.25 | AC33: =ABS(Y33) -> 7.25
B34: 46263 | C34: =TEXT(B34,"aaa") -> 土 | T34: =SUM(D34:S34) -> 0 | Y34: =(W34-V34-X34)*24 -> 0 | Z34: =Y34-T34 -> 0
B35: 46264 | C35: =TEXT(B35,"aaa") -> 日 | T35: =SUM(D35:S35) -> 0 | Y35: =(W35-V35-X35)*24 -> 0 | Z35: =Y35-T35 -> 0
B36: 46265 | C36: =TEXT(B36,"aaa") -> 月 | T36: =SUM(D36:S36) -> 0 | V36: 0.375 | W36: 0.72916667 | X36: 0.052083333 | Y36: =(W36-V36-X36)*24 -> 7.25 | Z36: =Y36-T36 -> 7.25 | AA36: =AC36-AB36 -> 0 | AB36: 7.25 | AC36: =ABS(Y36) -> 7.25
B37: 月 | C37: 合計 | D37: =SUM(D6:D36) -> 0 | E37: =SUM(E6:E36) -> 0 | F37: =SUM(F6:F36) -> 0 | G37: =SUM(G6:G36) -> 0 | H37: =SUM(H6:H36) -> 0 | I37: =SUM(I6:I36) -> 0 | J37: =SUM(J6:J36) -> 0 | K37: =SUM(K6:K36) -> 0 | ... T37: =SUM(T6:T36) -> 0 | AA37: =SUM(AA6:AA36) -> 0 | AB37: =SUM(AB6:AB36) -> 145
B40: 直接経費（交通費等） | T40: 合計（円） | U40: 備考
C41: =TEXT(B41,"aaa") -> 土 | T41: =SUM(D41:S41) -> 0
C42: =TEXT(B42,"aaa") -> 土 | T42: =SUM(D42:S42) -> 0
C43: =TEXT(B43,"aaa") -> 土 | T43: =SUM(D43:S43) -> 0
C44: =TEXT(B44,"aaa") -> 土 | T44: =SUM(D44:S44) -> 0
C45: =TEXT(B45,"aaa") -> 土 | T45: =SUM(D45:S45) -> 0
C46: =TEXT(B46,"aaa") -> 土 | T46: =SUM(D46:S46) -> 0
C47: =TEXT(B47,"aaa") -> 土 | T47: =SUM(D47:S47) -> 0
T48: =SUM(D48:S48) -> 0
B50: 月 | C50: 合計 | D50: =SUM(D41:D49) -> 0 | E50: =SUM(E41:E49) -> 0 | F50: =SUM(F41:F49) -> 0 | G50: =SUM(G41:G49) -> 0 | H50: =SUM(H41:H49) -> 0 | I50: =SUM(I41:I49) -> 0 | J50: =SUM(J41:J49) -> 0 | K50: =SUM(K41:K49) -> 0 | ... T50: =SUM(T41:T49) -> 0

Sheet 9月
B2: No. （件番SheetのNo.を入力⇒） | S2: 99
B3: 件番（自動入力） | D3: =IF(ISERROR(VLOOKUP(D2,件番!$A$10:$D$113,2,FALSE)),"",(VLOOKUP(D2,件番!$A$10:$D$113,2,FALSE))) | E3: =IF(ISERROR(VLOOKUP(E2,件番!$A$10:$D$113,2,FALSE)),"",(VLOOKUP(E2,件番!$A$10:$D$113,2,FALSE))) | F3: =IF(ISERROR(VLOOKUP(F2,件番!$A$10:$D$113,2,FALSE)),"",(VLOOKUP(F2,件番!$A$10:$D$113,2,FALSE))) | G3: =IF(ISERROR(VLOOKUP(G2,件番!$A$10:$D$113,2,FALSE)),"",(VLOOKUP(G2,件番!$A$10:$D$113,2,FALSE))) | H3: =IF(ISERROR(VLOOKUP(H2,件番!$A$10:$D$113,2,FALSE)),"",(VLOOKUP(H2,件番!$A$10:$D$113,2,FALSE))) | I3: =IF(ISERROR(VLOOKUP(I2,件番!$A$10:$D$113,2,FALSE)),"",(VLOOKUP(I2,件番!$A$10:$D$113,2,FALSE))) | J3: =IF(ISERROR(VLOOKUP(J2,件番!$A$10:$D$113,2,FALSE)),"",(VLOOKUP(J2,件番!$A$10:$D$113,2,FALSE))) | K3: =IF(ISERROR(VLOOKUP(K2,件番!$A$10:$D$113,2,FALSE)),"",(VLOOKUP(K2,件番!$A$10:$D$113,2,FALSE))) | ... Q3: =IF(ISERROR(VLOOKUP(Q2,件番!$A$10:$D$113,2,FALSE)),"",(VLOOKUP(Q2,件番!$A$10:$D$113,2,FALSE))) | S3: =IF(ISERROR(VLOOKUP(S2,件番!$A$3:$D$113,2,FALSE)),"",(VLOOKUP(S2,件番!$A$3:$D$113,2,FALSE))) -> 2032B1008
B4: 件名（自動入力） | D4: =IF(ISERROR(VLOOKUP(D2,件番!$A$10:$D$113,2,FALSE)),"",(VLOOKUP(D2,件番!$A$10:$D$113,3,FALSE))) | E4: =IF(ISERROR(VLOOKUP(E2,件番!$A$10:$D$113,2,FALSE)),"",(VLOOKUP(E2,件番!$A$10:$D$113,3,FALSE))) | F4: =IF(ISERROR(VLOOKUP(F2,件番!$A$10:$D$113,2,FALSE)),"",(VLOOKUP(F2,件番!$A$10:$D$113,3,FALSE))) | G4: =IF(ISERROR(VLOOKUP(G2,件番!$A$10:$D$113,2,FALSE)),"",(VLOOKUP(G2,件番!$A$10:$D$113,3,FALSE))) | H4: =IF(ISERROR(VLOOKUP(H2,件番!$A$10:$D$113,2,FALSE)),"",(VLOOKUP(H2,件番!$A$10:$D$113,3,FALSE))) | I4: =IF(ISERROR(VLOOKUP(I2,件番!$A$10:$D$113,2,FALSE)),"",(VLOOKUP(I2,件番!$A$10:$D$113,3,FALSE))) | J4: =IF(ISERROR(VLOOKUP(J2,件番!$A$10:$D$113,2,FALSE)),"",(VLOOKUP(J2,件番!$A$10:$D$113,3,FALSE))) | K4: =IF(ISERROR(VLOOKUP(K2,件番!$A$10:$D$113,2,FALSE)),"",(VLOOKUP(K2,件番!$A$10:$D$113,3,FALSE))) | ... Q4: =IF(ISERROR(VLOOKUP(Q2,件番!$A$10:$D$113,2,FALSE)),"",(VLOOKUP(Q2,件番!$A$10:$D$113,3,FALSE))) | S4: =IF(ISERROR(VLOOKUP(S2,件番!$A$3:$D$113,2,FALSE)),"",(VLOOKUP(S2,件番!$A$3:$D$113,3,FALSE))) -> 関東交通整備
B5: 管理（自動入力） | D5: =IF(ISERROR(VLOOKUP(D2,件番!$A$10:$D$113,2,FALSE)),"",(VLOOKUP(D2,件番!$A$10:$D$113,4,FALSE))) | E5: =IF(ISERROR(VLOOKUP(E2,件番!$A$10:$D$113,2,FALSE)),"",(VLOOKUP(E2,件番!$A$10:$D$113,4,FALSE))) | F5: =IF(ISERROR(VLOOKUP(F2,件番!$A$10:$D$113,2,FALSE)),"",(VLOOKUP(F2,件番!$A$10:$D$113,4,FALSE))) | G5: =IF(ISERROR(VLOOKUP(G2,件番!$A$10:$D$113,2,FALSE)),"",(VLOOKUP(G2,件番!$A$10:$D$113,4,FALSE))) | H5: =IF(ISERROR(VLOOKUP(H2,件番!$A$10:$D$113,2,FALSE)),"",(VLOOKUP(H2,件番!$A$10:$D$113,4,FALSE))) | I5: =IF(ISERROR(VLOOKUP(I2,件番!$A$10:$D$113,2,FALSE)),"",(VLOOKUP(I2,件番!$A$10:$D$113,4,FALSE))) | J5: =IF(ISERROR(VLOOKUP(J2,件番!$A$10:$D$113,2,FALSE)),"",(VLOOKUP(J2,件番!$A$10:$D$113,4,FALSE))) | K5: =IF(ISERROR(VLOOKUP(K2,件番!$A$10:$D$113,2,FALSE)),"",(VLOOKUP(K2,件番!$A$10:$D$113,4,FALSE))) | ... Q5: =IF(ISERROR(VLOOKUP(Q2,件番!$A$10:$D$113,2,FALSE)),"",(VLOOKUP(Q2,件番!$A$10:$D$113,4,FALSE))) | S5: =IF(ISERROR(VLOOKUP(S2,件番!$A$3:$D$113,2,FALSE)),"",(VLOOKUP(S2,件番!$A$3:$D$113,4,FALSE))) -> 0 | T5: 合計 | U5: 備考 | V5: 始業 | W5: 終業 | X5: 休憩 | Y5: 就業時間 | Z5: チェック
B6: 46266 | C6: =TEXT(B6,"aaa") -> 火 | T6: =SUM(D6:S6) -> 0 | V6: 0.375 | W6: 0.72916667 | X6: 0.052083333 | Y6: =(W6-V6-X6)*24 -> 7.25 | Z6: =Y6-T6 -> 7.25 | AA6: =AC6-AB6 -> 0 | AB6: 7.25 | AC6: =ABS(Y6) -> 7.25
B7: 46267 | C7: =TEXT(B7,"aaa") -> 水 | T7: =SUM(D7:S7) -> 0 | V7: 0.375 | W7: 0.72916667 | X7: 0.052083333 | Y7: =(W7-V7-X7)*24 -> 7.25 | Z7: =Y7-T7 -> 7.25 | AA7: =AC7-AB7 -> 0 | AB7: 7.25 | AC7: =ABS(Y7) -> 7.25
B8: 46268 | C8: =TEXT(B8,"aaa") -> 木 | T8: =SUM(D8:S8) -> 0 | V8: 0.375 | W8: 0.72916667 | X8: 0.052083333 | Y8: =(W8-V8-X8)*24 -> 7.25 | Z8: =Y8-T8 -> 7.25 | AA8: =AC8-AB8 -> 0 | AB8: 7.25 | AC8: =ABS(Y8) -> 7.25
B9: 46269 | C9: =TEXT(B9,"aaa") -> 金 | T9: =SUM(D9:S9) -> 0 | V9: 0.375 | W9: 0.72916667 | X9: 0.052083333 | Y9: =(W9-V9-X9)*24 -> 7.25 | Z9: =Y9-T9 -> 7.25 | AA9: =AC9-AB9 -> 0 | AB9: 7.25 | AC9: =ABS(Y9) -> 7.25
B10: 46270 | C10: =TEXT(B10,"aaa") -> 土 | T10: =SUM(D10:S10) -> 0 | Y10: =(W10-V10-X10)*24 -> 0 | Z10: =Y10-T10 -> 0
B11: 46271 | C11: =TEXT(B11,"aaa") -> 日 | T11: =SUM(D11:S11) -> 0 | Y11: =(W11-V11-X11)*24 -> 0 | Z11: =Y11-T11 -> 0
B12: 46272 | C12: =TEXT(B12,"aaa") -> 月 | T12: =SUM(D12:S12) -> 0 | V12: 0.375 | W12: 0.72916667 | X12: 0.052083333 | Y12: =(W12-V12-X12)*24 -> 7.25 | Z12: =Y12-T12 -> 7.25 | AA12: =AC12-AB12 -> 0 | AB12: 7.25 | AC12: =ABS(Y12) -> 7.25
B13: 46273 | C13: =TEXT(B13,"aaa") -> 火 | T13: =SUM(D13:S13) -> 0 | V13: 0.375 | W13: 0.72916667 | X13: 0.052083333 | Y13: =(W13-V13-X13)*24 -> 7.25 | Z13: =Y13-T13 -> 7.25 | AA13: =AC13-AB13 -> 0 | AB13: 7.25 | AC13: =ABS(Y13) -> 7.25
B14: 46274 | C14: =TEXT(B14,"aaa") -> 水 | T14: =SUM(D14:S14) -> 0 | V14: 0.375 | W14: 0.72916667 | X14: 0.052083333 | Y14: =(W14-V14-X14)*24 -> 7.25 | Z14: =Y14-T14 -> 7.25 | AA14: =AC14-AB14 -> 0 | AB14: 7.25 | AC14: =ABS(Y14) -> 7.25
B15: 46275 | C15: =TEXT(B15,"aaa") -> 木 | T15: =SUM(D15:S15) -> 0 | V15: 0.375 | W15: 0.72916667 | X15: 0.052083333 | Y15: =(W15-V15-X15)*24 -> 7.25 | Z15: =Y15-T15 -> 7.25 | AA15: =AC15-AB15 -> 0 | AB15: 7.25 | AC15: =ABS(Y15) -> 7.25
B16: 46276 | C16: =TEXT(B16,"aaa") -> 金 | T16: =SUM(D16:S16) -> 0 | V16: 0.375 | W16: 0.72916667 | X16: 0.052083333 | Y16: =(W16-V16-X16)*24 -> 7.25 | Z16: =Y16-T16 -> 7.25 | AA16: =AC16-AB16 -> 0 | AB16: 7.25 | AC16: =ABS(Y16) -> 7.25
B17: 46277 | C17: =TEXT(B17,"aaa") -> 土 | T17: =SUM(D17:S17) -> 0 | Y17: =(W17-V17-X17)*24 -> 0 | Z17: =Y17-T17 -> 0
B18: 46278 | C18: =TEXT(B18,"aaa") -> 日 | T18: =SUM(D18:S18) -> 0 | Y18: =(W18-V18-X18)*24 -> 0 | Z18: =Y18-T18 -> 0
B19: 46279 | C19: =TEXT(B19,"aaa") -> 月 | T19: =SUM(D19:S19) -> 0 | V19: 0.375 | W19: 0.72916667 | X19: 0.052083333 | Y19: =(W19-V19-X19)*24 -> 7.25 | Z19: =Y19-T19 -> 7.25 | AA19: =AC19-AB19 -> 0 | AB19: 7.25 | AC19: =ABS(Y19) -> 7.25
B20: 46280 | C20: =TEXT(B20,"aaa") -> 火 | T20: =SUM(D20:S20) -> 0 | V20: 0.375 | W20: 0.72916667 | X20: 0.052083333 | Y20: =(W20-V20-X20)*24 -> 7.25 | Z20: =Y20-T20 -> 7.25 | AA20: =AC20-AB20 -> 0 | AB20: 7.25 | AC20: =ABS(Y20) -> 7.25
B21: 46281 | C21: =TEXT(B21,"aaa") -> 水 | T21: =SUM(D21:S21) -> 0 | V21: 0.375 | W21: 0.72916667 | X21: 0.052083333 | Y21: =(W21-V21-X21)*24 -> 7.25 | Z21: =Y21-T21 -> 7.25 | AA21: =AC21-AB21 -> 0 | AB21: 7.25 | AC21: =ABS(Y21) -> 7.25
B22: 46282 | C22: =TEXT(B22,"aaa") -> 木 | T22: =SUM(D22:S22) -> 0 | V22: 0.375 | W22: 0.72916667 | X22: 0.052083333 | Y22: =(W22-V22-X22)*24 -> 7.25 | Z22: =Y22-T22 -> 7.25 | AA22: =AC22-AB22 -> 0 | AB22: 7.25 | AC22: =ABS(Y22) -> 7.25
B23: 46283 | C23: =TEXT(B23,"aaa") -> 金 | T23: =SUM(D23:S23) -> 0 | V23: 0.375 | W23: 0.72916667 | X23: 0.052083333 | Y23: =(W23-V23-X23)*24 -> 7.25 | Z23: =Y23-T23 -> 7.25 | AA23: =AC23-AB23 -> 0 | AB23: 7.25 | AC23: =ABS(Y23) -> 7.25
B24: 46284 | C24: =TEXT(B24,"aaa") -> 土 | T24: =SUM(D24:S24) -> 0 | Y24: =(W24-V24-X24)*24 -> 0 | Z24: =Y24-T24 -> 0
B25: 46285 | C25: =TEXT(B25,"aaa") -> 日 | T25: =SUM(D25:S25) -> 0 | Y25: =(W25-V25-X25)*24 -> 0 | Z25: =Y25-T25 -> 0
B26: 46286 | C26: =TEXT(B26,"aaa") -> 月 | T26: =SUM(D26:S26) -> 0 | U26: 敬老の日 | Y26: =(W26-V26-X26)*24 -> 0 | Z26: =Y26-T26 -> 0
B27: 46287 | C27: =TEXT(B27,"aaa") -> 火 | T27: =SUM(D27:S27) -> 0 | U27: 国民の休日 | Y27: =(W27-V27-X27)*24 -> 0 | Z27: =Y27-T27 -> 0
B28: 46288 | C28: =TEXT(B28,"aaa") -> 水 | T28: =SUM(D28:S28) -> 0 | U28: 秋分の日 | Y28: =(W28-V28-X28)*24 -> 0 | Z28: =Y28-T28 -> 0
B29: 46289 | C29: =TEXT(B29,"aaa") -> 木 | T29: =SUM(D29:S29) -> 0 | V29: 0.375 | W29: 0.72916667 | X29: 0.052083333 | Y29: =(W29-V29-X29)*24 -> 7.25 | Z29: =Y29-T29 -> 7.25 | AA29: =AC29-AB29 -> 0 | AB29: 7.25 | AC29: =ABS(Y29) -> 7.25
B30: 46290 | C30: =TEXT(B30,"aaa") -> 金 | T30: =SUM(D30:S30) -> 0 | V30: 0.375 | W30: 0.72916667 | X30: 0.052083333 | Y30: =(W30-V30-X30)*24 -> 7.25 | Z30: =Y30-T30 -> 7.25 | AA30: =AC30-AB30 -> 0 | AB30: 7.25 | AC30: =ABS(Y30) -> 7.25
B31: 46291 | C31: =TEXT(B31,"aaa") -> 土 | T31: =SUM(D31:S31) -> 0 | Y31: =(W31-V31-X31)*24 -> 0 | Z31: =Y31-T31 -> 0
B32: 46292 | C32: =TEXT(B32,"aaa") -> 日 | T32: =SUM(D32:S32) -> 0 | Y32: =(W32-V32-X32)*24 -> 0 | Z32: =Y32-T32 -> 0
B33: 46293 | C33: =TEXT(B33,"aaa") -> 月 | T33: =SUM(D33:S33) -> 0 | V33: 0.375 | W33: 0.72916667 | X33: 0.052083333 | Y33: =(W33-V33-X33)*24 -> 7.25 | Z33: =Y33-T33 -> 7.25 | AA33: =AC33-AB33 -> 0 | AB33: 7.25 | AC33: =ABS(Y33) -> 7.25
B34: 46294 | C34: =TEXT(B34,"aaa") -> 火 | T34: =SUM(D34:S34) -> 0 | V34: 0.375 | W34: 0.72916667 | X34: 0.052083333 | Y34: =(W34-V34-X34)*24 -> 7.25 | Z34: =Y34-T34 -> 7.25 | AA34: =AC34-AB34 -> 0 | AB34: 7.25 | AC34: =ABS(Y34) -> 7.25
B35: 46295 | C35: =TEXT(B35,"aaa") -> 水 | T35: =SUM(D35:S35) -> 0 | V35: 0.375 | W35: 0.72916667 | X35: 0.052083333 | Y35: =(W35-V35-X35)*24 -> 7.25 | Z35: =Y35-T35 -> 7.25 | AA35: =AC35-AB35 -> 0 | AB35: 7.25 | AC35: =ABS(Y35) -> 7.25
B37: 月 | C37: 合計 | D37: =SUM(D6:D36) -> 0 | E37: =SUM(E6:E36) -> 0 | F37: =SUM(F6:F36) -> 0 | G37: =SUM(G6:G36) -> 0 | H37: =SUM(H6:H36) -> 0 | I37: =SUM(I6:I36) -> 0 | J37: =SUM(J6:J36) -> 0 | K37: =SUM(K6:K36) -> 0 | ... T37: =SUM(T6:T36) -> 0 | AA37: =SUM(AA6:AA36) -> 0 | AB37: =SUM(AB6:AB36) -> 137.75
B40: 直接経費（交通費等） | T40: 合計（円） | U40: 備考
C41: =TEXT(B41,"aaa") -> 土 | T41: =SUM(D41:S41) -> 0
C42: =TEXT(B42,"aaa") -> 土 | T42: =SUM(D42:S42) -> 0
C43: =TEXT(B43,"aaa") -> 土 | T43: =SUM(D43:S43) -> 0
C44: =TEXT(B44,"aaa") -> 土 | T44: =SUM(D44:S44) -> 0
C45: =TEXT(B45,"aaa") -> 土 | T45: =SUM(D45:S45) -> 0
C46: =TEXT(B46,"aaa") -> 土 | T46: =SUM(D46:S46) -> 0
T47: =SUM(D47:S47) -> 0
B50: 月 | C50: 合計 | D50: =SUM(D41:D49) -> 0 | E50: =SUM(E41:E49) -> 0 | F50: =SUM(F41:F49) -> 0 | G50: =SUM(G41:G49) -> 0 | H50: =SUM(H41:H49) -> 0 | I50: =SUM(I41:I49) -> 0 | J50: =SUM(J41:J49) -> 0 | K50: =SUM(K41:K49) -> 0 | ... T50: =SUM(T41:T49) -> 0

Sheet 10月
B2: No. （件番SheetのNo.を入力⇒） | S2: 99
B3: 件番（自動入力） | D3: =IF(ISERROR(VLOOKUP(D2,件番!$A$10:$D$113,2,FALSE)),"",(VLOOKUP(D2,件番!$A$10:$D$113,2,FALSE))) | E3: =IF(ISERROR(VLOOKUP(E2,件番!$A$10:$D$113,2,FALSE)),"",(VLOOKUP(E2,件番!$A$10:$D$113,2,FALSE))) | F3: =IF(ISERROR(VLOOKUP(F2,件番!$A$10:$D$113,2,FALSE)),"",(VLOOKUP(F2,件番!$A$10:$D$113,2,FALSE))) | G3: =IF(ISERROR(VLOOKUP(G2,件番!$A$10:$D$113,2,FALSE)),"",(VLOOKUP(G2,件番!$A$10:$D$113,2,FALSE))) | H3: =IF(ISERROR(VLOOKUP(H2,件番!$A$10:$D$113,2,FALSE)),"",(VLOOKUP(H2,件番!$A$10:$D$113,2,FALSE))) | I3: =IF(ISERROR(VLOOKUP(I2,件番!$A$10:$D$113,2,FALSE)),"",(VLOOKUP(I2,件番!$A$10:$D$113,2,FALSE))) | J3: =IF(ISERROR(VLOOKUP(J2,件番!$A$10:$D$113,2,FALSE)),"",(VLOOKUP(J2,件番!$A$10:$D$113,2,FALSE))) | K3: =IF(ISERROR(VLOOKUP(K2,件番!$A$10:$D$113,2,FALSE)),"",(VLOOKUP(K2,件番!$A$10:$D$113,2,FALSE))) | ... P3: =IF(ISERROR(VLOOKUP(P2,件番!$A$10:$D$113,2,FALSE)),"",(VLOOKUP(P2,件番!$A$10:$D$113,2,FALSE))) | S3: =IF(ISERROR(VLOOKUP(S2,件番!$A$3:$D$113,2,FALSE)),"",(VLOOKUP(S2,件番!$A$3:$D$113,2,FALSE))) -> 2032B1008
B4: 件名（自動入力） | D4: =IF(ISERROR(VLOOKUP(D2,件番!$A$10:$D$113,2,FALSE)),"",(VLOOKUP(D2,件番!$A$10:$D$113,3,FALSE))) | E4: =IF(ISERROR(VLOOKUP(E2,件番!$A$10:$D$113,2,FALSE)),"",(VLOOKUP(E2,件番!$A$10:$D$113,3,FALSE))) | F4: =IF(ISERROR(VLOOKUP(F2,件番!$A$10:$D$113,2,FALSE)),"",(VLOOKUP(F2,件番!$A$10:$D$113,3,FALSE))) | G4: =IF(ISERROR(VLOOKUP(G2,件番!$A$10:$D$113,2,FALSE)),"",(VLOOKUP(G2,件番!$A$10:$D$113,3,FALSE))) | H4: =IF(ISERROR(VLOOKUP(H2,件番!$A$10:$D$113,2,FALSE)),"",(VLOOKUP(H2,件番!$A$10:$D$113,3,FALSE))) | I4: =IF(ISERROR(VLOOKUP(I2,件番!$A$10:$D$113,2,FALSE)),"",(VLOOKUP(I2,件番!$A$10:$D$113,3,FALSE))) | J4: =IF(ISERROR(VLOOKUP(J2,件番!$A$10:$D$113,2,FALSE)),"",(VLOOKUP(J2,件番!$A$10:$D$113,3,FALSE))) | K4: =IF(ISERROR(VLOOKUP(K2,件番!$A$10:$D$113,2,FALSE)),"",(VLOOKUP(K2,件番!$A$10:$D$113,3,FALSE))) | ... P4: =IF(ISERROR(VLOOKUP(P2,件番!$A$10:$D$113,2,FALSE)),"",(VLOOKUP(P2,件番!$A$10:$D$113,3,FALSE))) | S4: =IF(ISERROR(VLOOKUP(S2,件番!$A$3:$D$113,2,FALSE)),"",(VLOOKUP(S2,件番!$A$3:$D$113,3,FALSE))) -> 関東交通整備
B5: 管理（自動入力） | D5: =IF(ISERROR(VLOOKUP(D2,件番!$A$10:$D$113,2,FALSE)),"",(VLOOKUP(D2,件番!$A$10:$D$113,4,FALSE))) | E5: =IF(ISERROR(VLOOKUP(E2,件番!$A$10:$D$113,2,FALSE)),"",(VLOOKUP(E2,件番!$A$10:$D$113,4,FALSE))) | F5: =IF(ISERROR(VLOOKUP(F2,件番!$A$10:$D$113,2,FALSE)),"",(VLOOKUP(F2,件番!$A$10:$D$113,4,FALSE))) | G5: =IF(ISERROR(VLOOKUP(G2,件番!$A$10:$D$113,2,FALSE)),"",(VLOOKUP(G2,件番!$A$10:$D$113,4,FALSE))) | H5: =IF(ISERROR(VLOOKUP(H2,件番!$A$10:$D$113,2,FALSE)),"",(VLOOKUP(H2,件番!$A$10:$D$113,4,FALSE))) | I5: =IF(ISERROR(VLOOKUP(I2,件番!$A$10:$D$113,2,FALSE)),"",(VLOOKUP(I2,件番!$A$10:$D$113,4,FALSE))) | J5: =IF(ISERROR(VLOOKUP(J2,件番!$A$10:$D$113,2,FALSE)),"",(VLOOKUP(J2,件番!$A$10:$D$113,4,FALSE))) | K5: =IF(ISERROR(VLOOKUP(K2,件番!$A$10:$D$113,2,FALSE)),"",(VLOOKUP(K2,件番!$A$10:$D$113,4,FALSE))) | ... P5: =IF(ISERROR(VLOOKUP(P2,件番!$A$10:$D$113,2,FALSE)),"",(VLOOKUP(P2,件番!$A$10:$D$113,4,FALSE))) | S5: =IF(ISERROR(VLOOKUP(S2,件番!$A$3:$D$113,2,FALSE)),"",(VLOOKUP(S2,件番!$A$3:$D$113,4,FALSE))) -> 0 | T5: 合計 | U5: 備考 | V5: 始業 | W5: 終業 | X5: 休憩 | Y5: 就業時間 | Z5: チェック
B6: 46296 | C6: =TEXT(B6,"aaa") -> 木 | T6: =SUM(D6:S6) -> 0 | V6: 0.375 | W6: 0.72916667 | X6: 0.052083333 | Y6: =(W6-V6-X6)*24 -> 7.25 | Z6: =Y6-T6 -> 7.25 | AA6: =AC6-AB6 -> 0 | AB6: 7.25 | AC6: =ABS(Y6) -> 7.25
B7: 46297 | C7: =TEXT(B7,"aaa") -> 金 | T7: =SUM(D7:S7) -> 0 | V7: 0.375 | W7: 0.72916667 | X7: 0.052083333 | Y7: =(W7-V7-X7)*24 -> 7.25 | Z7: =Y7-T7 -> 7.25 | AA7: =AC7-AB7 -> 0 | AB7: 7.25 | AC7: =ABS(Y7) -> 7.25
B8: 46298 | C8: =TEXT(B8,"aaa") -> 土 | T8: =SUM(D8:S8) -> 0 | Y8: =(W8-V8-X8)*24 -> 0 | Z8: =Y8-T8 -> 0
B9: 46299 | C9: =TEXT(B9,"aaa") -> 日 | T9: =SUM(D9:S9) -> 0 | Y9: =(W9-V9-X9)*24 -> 0 | Z9: =Y9-T9 -> 0
B10: 46300 | C10: =TEXT(B10,"aaa") -> 月 | T10: =SUM(D10:S10) -> 0 | V10: 0.375 | W10: 0.72916667 | X10: 0.052083333 | Y10: =(W10-V10-X10)*24 -> 7.25 | Z10: =Y10-T10 -> 7.25 | AA10: =AC10-AB10 -> 0 | AB10: 7.25 | AC10: =ABS(Y10) -> 7.25
B11: 46301 | C11: =TEXT(B11,"aaa") -> 火 | T11: =SUM(D11:S11) -> 0 | V11: 0.375 | W11: 0.72916667 | X11: 0.052083333 | Y11: =(W11-V11-X11)*24 -> 7.25 | Z11: =Y11-T11 -> 7.25 | AA11: =AC11-AB11 -> 0 | AB11: 7.25 | AC11: =ABS(Y11) -> 7.25
B12: 46302 | C12: =TEXT(B12,"aaa") -> 水 | T12: =SUM(D12:S12) -> 0 | V12: 0.375 | W12: 0.72916667 | X12: 0.052083333 | Y12: =(W12-V12-X12)*24 -> 7.25 | Z12: =Y12-T12 -> 7.25 | AA12: =AC12-AB12 -> 0 | AB12: 7.25 | AC12: =ABS(Y12) -> 7.25
B13: 46303 | C13: =TEXT(B13,"aaa") -> 木 | T13: =SUM(D13:S13) -> 0 | V13: 0.375 | W13: 0.72916667 | X13: 0.052083333 | Y13: =(W13-V13-X13)*24 -> 7.25 | Z13: =Y13-T13 -> 7.25 | AA13: =AC13-AB13 -> 0 | AB13: 7.25 | AC13: =ABS(Y13) -> 7.25
B14: 46304 | C14: =TEXT(B14,"aaa") -> 金 | T14: =SUM(D14:S14) -> 0 | V14: 0.375 | W14: 0.72916667 | X14: 0.052083333 | Y14: =(W14-V14-X14)*24 -> 7.25 | Z14: =Y14-T14 -> 7.25 | AA14: =AC14-AB14 -> 0 | AB14: 7.25 | AC14: =ABS(Y14) -> 7.25
B15: 46305 | C15: =TEXT(B15,"aaa") -> 土 | T15: =SUM(D15:S15) -> 0 | Y15: =(W15-V15-X15)*24 -> 0 | Z15: =Y15-T15 -> 0
B16: 46306 | C16: =TEXT(B16,"aaa") -> 日 | T16: =SUM(D16:S16) -> 0 | Y16: =(W16-V16-X16)*24 -> 0 | Z16: =Y16-T16 -> 0
B17: 46307 | C17: =TEXT(B17,"aaa") -> 月 | T17: =SUM(D17:S17) -> 0 | U17: スポーツの日 | Y17: =(W17-V17-X17)*24 -> 0 | Z17: =Y17-T17 -> 0
B18: 46308 | C18: =TEXT(B18,"aaa") -> 火 | T18: =SUM(D18:S18) -> 0 | V18: 0.375 | W18: 0.72916667 | X18: 0.052083333 | Y18: =(W18-V18-X18)*24 -> 7.25 | Z18: =Y18-T18 -> 7.25 | AA18: =AC18-AB18 -> 0 | AB18: 7.25 | AC18: =ABS(Y18) -> 7.25
B19: 46309 | C19: =TEXT(B19,"aaa") -> 水 | T19: =SUM(D19:S19) -> 0 | V19: 0.375 | W19: 0.72916667 | X19: 0.052083333 | Y19: =(W19-V19-X19)*24 -> 7.25 | Z19: =Y19-T19 -> 7.25 | AA19: =AC19-AB19 -> 0 | AB19: 7.25 | AC19: =ABS(Y19) -> 7.25
B20: 46310 | C20: =TEXT(B20,"aaa") -> 木 | T20: =SUM(D20:S20) -> 0 | V20: 0.375 | W20: 0.72916667 | X20: 0.052083333 | Y20: =(W20-V20-X20)*24 -> 7.25 | Z20: =Y20-T20 -> 7.25 | AA20: =AC20-AB20 -> 0 | AB20: 7.25 | AC20: =ABS(Y20) -> 7.25
B21: 46311 | C21: =TEXT(B21,"aaa") -> 金 | T21: =SUM(D21:S21) -> 0 | V21: 0.375 | W21: 0.72916667 | X21: 0.052083333 | Y21: =(W21-V21-X21)*24 -> 7.25 | Z21: =Y21-T21 -> 7.25 | AA21: =AC21-AB21 -> 0 | AB21: 7.25 | AC21: =ABS(Y21) -> 7.25
B22: 46312 | C22: =TEXT(B22,"aaa") -> 土 | T22: =SUM(D22:S22) -> 0 | Y22: =(W22-V22-X22)*24 -> 0 | Z22: =Y22-T22 -> 0
B23: 46313 | C23: =TEXT(B23,"aaa") -> 日 | T23: =SUM(D23:S23) -> 0 | Y23: =(W23-V23-X23)*24 -> 0 | Z23: =Y23-T23 -> 0
B24: 46314 | C24: =TEXT(B24,"aaa") -> 月 | T24: =SUM(D24:S24) -> 0 | V24: 0.375 | W24: 0.72916667 | X24: 0.052083333 | Y24: =(W24-V24-X24)*24 -> 7.25 | Z24: =Y24-T24 -> 7.25 | AA24: =AC24-AB24 -> 0 | AB24: 7.25 | AC24: =ABS(Y24) -> 7.25
B25: 46315 | C25: =TEXT(B25,"aaa") -> 火 | T25: =SUM(D25:S25) -> 0 | V25: 0.375 | W25: 0.72916667 | X25: 0.052083333 | Y25: =(W25-V25-X25)*24 -> 7.25 | Z25: =Y25-T25 -> 7.25 | AA25: =AC25-AB25 -> 0 | AB25: 7.25 | AC25: =ABS(Y25) -> 7.25
B26: 46316 | C26: =TEXT(B26,"aaa") -> 水 | T26: =SUM(D26:S26) -> 0 | V26: 0.375 | W26: 0.72916667 | X26: 0.052083333 | Y26: =(W26-V26-X26)*24 -> 7.25 | Z26: =Y26-T26 -> 7.25 | AA26: =AC26-AB26 -> 0 | AB26: 7.25 | AC26: =ABS(Y26) -> 7.25
B27: 46317 | C27: =TEXT(B27,"aaa") -> 木 | T27: =SUM(D27:S27) -> 0 | V27: 0.375 | W27: 0.72916667 | X27: 0.052083333 | Y27: =(W27-V27-X27)*24 -> 7.25 | Z27: =Y27-T27 -> 7.25 | AA27: =AC27-AB27 -> 0 | AB27: 7.25 | AC27: =ABS(Y27) -> 7.25
B28: 46318 | C28: =TEXT(B28,"aaa") -> 金 | T28: =SUM(D28:S28) -> 0 | V28: 0.375 | W28: 0.72916667 | X28: 0.052083333 | Y28: =(W28-V28-X28)*24 -> 7.25 | Z28: =Y28-T28 -> 7.25 | AA28: =AC28-AB28 -> 0 | AB28: 7.25 | AC28: =ABS(Y28) -> 7.25
B29: 46319 | C29: =TEXT(B29,"aaa") -> 土 | T29: =SUM(D29:S29) -> 0 | Y29: =(W29-V29-X29)*24 -> 0 | Z29: =Y29-T29 -> 0
B30: 46320 | C30: =TEXT(B30,"aaa") -> 日 | T30: =SUM(D30:S30) -> 0 | Y30: =(W30-V30-X30)*24 -> 0 | Z30: =Y30-T30 -> 0
B31: 46321 | C31: =TEXT(B31,"aaa") -> 月 | T31: =SUM(D31:S31) -> 0 | V31: 0.375 | W31: 0.72916667 | X31: 0.052083333 | Y31: =(W31-V31-X31)*24 -> 7.25 | Z31: =Y31-T31 -> 7.25 | AA31: =AC31-AB31 -> 0 | AB31: 7.25 | AC31: =ABS(Y31) -> 7.25
B32: 46322 | C32: =TEXT(B32,"aaa") -> 火 | T32: =SUM(D32:S32) -> 0 | V32: 0.375 | W32: 0.72916667 | X32: 0.052083333 | Y32: =(W32-V32-X32)*24 -> 7.25 | Z32: =Y32-T32 -> 7.25 | AA32: =AC32-AB32 -> 0 | AB32: 7.25 | AC32: =ABS(Y32) -> 7.25
B33: 46323 | C33: =TEXT(B33,"aaa") -> 水 | T33: =SUM(D33:S33) -> 0 | V33: 0.375 | W33: 0.72916667 | X33: 0.052083333 | Y33: =(W33-V33-X33)*24 -> 7.25 | Z33: =Y33-T33 -> 7.25 | AA33: =AC33-AB33 -> 0 | AB33: 7.25 | AC33: =ABS(Y33) -> 7.25
B34: 46324 | C34: =TEXT(B34,"aaa") -> 木 | T34: =SUM(D34:S34) -> 0 | V34: 0.375 | W34: 0.72916667 | X34: 0.052083333 | Y34: =(W34-V34-X34)*24 -> 7.25 | Z34: =Y34-T34 -> 7.25 | AA34: =AC34-AB34 -> 0 | AB34: 7.25 | AC34: =ABS(Y34) -> 7.25
B35: 46325 | C35: =TEXT(B35,"aaa") -> 金 | T35: =SUM(D35:S35) -> 0 | V35: 0.375 | W35: 0.72916667 | X35: 0.052083333 | Y35: =(W35-V35-X35)*24 -> 7.25 | Z35: =Y35-T35 -> 7.25 | AA35: =AC35-AB35 -> 0 | AB35: 7.25 | AC35: =ABS(Y35) -> 7.25
B36: 46326 | C36: =TEXT(B36,"aaa") -> 土 | T36: =SUM(D36:S36) -> 0 | Y36: =(W36-V36-X36)*24 -> 0 | Z36: =Y36-T36 -> 0
B37: 月 | C37: 合計 | D37: =SUM(D6:D36) -> 0 | E37: =SUM(E6:E36) -> 0 | F37: =SUM(F6:F36) -> 0 | G37: =SUM(G6:G36) -> 0 | H37: =SUM(H6:H36) -> 0 | I37: =SUM(I6:I36) -> 0 | J37: =SUM(J6:J36) -> 0 | K37: =SUM(K6:K36) -> 0 | ... P37: =SUM(P6:P36) -> 0 | S37: =SUM(S6:S36) -> 0 | T37: =SUM(T6:T36) -> 0 | AA37: =SUM(AA6:AA36) -> 0 | AB37: =SUM(AB6:AB36) -> 152.25
B40: 直接経費（交通費等） | T40: 合計（円） | U40: 備考
C41: =TEXT(B41,"aaa") -> 土 | T41: =SUM(D41:S41) -> 0
C42: =TEXT(B42,"aaa") -> 土 | T42: =SUM(D42:S42) -> 0
C43: =TEXT(B43,"aaa") -> 土 | T43: =SUM(D43:S43) -> 0
C44: =TEXT(B44,"aaa") -> 土 | T44: =SUM(D44:S44) -> 0
C45: =TEXT(B45,"aaa") -> 土 | T45: =SUM(D45:S45) -> 0
C46: =TEXT(B46,"aaa") -> 土 | T46: =SUM(D46:S46) -> 0
C47: =TEXT(B47,"aaa") -> 土 | T47: =SUM(D47:S47) -> 0
C48: =TEXT(B48,"aaa") -> 土 | T48: =SUM(D48:S48) -> 0
T49: =SUM(D49:S49) -> 0
B50: 月 | C50: 合計 | D50: =SUM(D41:D49) -> 0 | E50: =SUM(E41:E49) -> 0 | F50: =SUM(F41:F49) -> 0 | G50: =SUM(G41:G49) -> 0 | H50: =SUM(H41:H49) -> 0 | I50: =SUM(I41:I49) -> 0 | J50: =SUM(J41:J49) -> 0 | K50: =SUM(K41:K49) -> 0 | ... T50: =SUM(T41:T49) -> 0

Sheet 11月
B2: No. （件番SheetのNo.を入力⇒） | S2: 99
B3: 件番（自動入力） | D3: =IF(ISERROR(VLOOKUP(D2,件番!$A$10:$D$113,2,FALSE)),"",(VLOOKUP(D2,件番!$A$10:$D$113,2,FALSE))) | E3: =IF(ISERROR(VLOOKUP(E2,件番!$A$10:$D$113,2,FALSE)),"",(VLOOKUP(E2,件番!$A$10:$D$113,2,FALSE))) | F3: =IF(ISERROR(VLOOKUP(F2,件番!$A$10:$D$113,2,FALSE)),"",(VLOOKUP(F2,件番!$A$10:$D$113,2,FALSE))) | G3: =IF(ISERROR(VLOOKUP(G2,件番!$A$10:$D$113,2,FALSE)),"",(VLOOKUP(G2,件番!$A$10:$D$113,2,FALSE))) | H3: =IF(ISERROR(VLOOKUP(H2,件番!$A$10:$D$113,2,FALSE)),"",(VLOOKUP(H2,件番!$A$10:$D$113,2,FALSE))) | I3: =IF(ISERROR(VLOOKUP(I2,件番!$A$10:$D$113,2,FALSE)),"",(VLOOKUP(I2,件番!$A$10:$D$113,2,FALSE))) | J3: =IF(ISERROR(VLOOKUP(J2,件番!$A$10:$D$113,2,FALSE)),"",(VLOOKUP(J2,件番!$A$10:$D$113,2,FALSE))) | K3: =IF(ISERROR(VLOOKUP(K2,件番!$A$10:$D$113,2,FALSE)),"",(VLOOKUP(K2,件番!$A$10:$D$113,2,FALSE))) | ... Q3: =IF(ISERROR(VLOOKUP(Q2,件番!$A$10:$D$113,2,FALSE)),"",(VLOOKUP(Q2,件番!$A$10:$D$113,2,FALSE))) | S3: =IF(ISERROR(VLOOKUP(S2,件番!$A$3:$D$113,2,FALSE)),"",(VLOOKUP(S2,件番!$A$3:$D$113,2,FALSE))) -> 2032B1008
B4: 件名（自動入力） | D4: =IF(ISERROR(VLOOKUP(D2,件番!$A$10:$D$113,2,FALSE)),"",(VLOOKUP(D2,件番!$A$10:$D$113,3,FALSE))) | E4: =IF(ISERROR(VLOOKUP(E2,件番!$A$10:$D$113,2,FALSE)),"",(VLOOKUP(E2,件番!$A$10:$D$113,3,FALSE))) | F4: =IF(ISERROR(VLOOKUP(F2,件番!$A$10:$D$113,2,FALSE)),"",(VLOOKUP(F2,件番!$A$10:$D$113,3,FALSE))) | G4: =IF(ISERROR(VLOOKUP(G2,件番!$A$10:$D$113,2,FALSE)),"",(VLOOKUP(G2,件番!$A$10:$D$113,3,FALSE))) | H4: =IF(ISERROR(VLOOKUP(H2,件番!$A$10:$D$113,2,FALSE)),"",(VLOOKUP(H2,件番!$A$10:$D$113,3,FALSE))) | I4: =IF(ISERROR(VLOOKUP(I2,件番!$A$10:$D$113,2,FALSE)),"",(VLOOKUP(I2,件番!$A$10:$D$113,3,FALSE))) | J4: =IF(ISERROR(VLOOKUP(J2,件番!$A$10:$D$113,2,FALSE)),"",(VLOOKUP(J2,件番!$A$10:$D$113,3,FALSE))) | K4: =IF(ISERROR(VLOOKUP(K2,件番!$A$10:$D$113,2,FALSE)),"",(VLOOKUP(K2,件番!$A$10:$D$113,3,FALSE))) | ... Q4: =IF(ISERROR(VLOOKUP(Q2,件番!$A$10:$D$113,2,FALSE)),"",(VLOOKUP(Q2,件番!$A$10:$D$113,3,FALSE))) | S4: =IF(ISERROR(VLOOKUP(S2,件番!$A$3:$D$113,2,FALSE)),"",(VLOOKUP(S2,件番!$A$3:$D$113,3,FALSE))) -> 関東交通整備
B5: 管理（自動入力） | D5: =IF(ISERROR(VLOOKUP(D2,件番!$A$10:$D$113,2,FALSE)),"",(VLOOKUP(D2,件番!$A$10:$D$113,4,FALSE))) | E5: =IF(ISERROR(VLOOKUP(E2,件番!$A$10:$D$113,2,FALSE)),"",(VLOOKUP(E2,件番!$A$10:$D$113,4,FALSE))) | F5: =IF(ISERROR(VLOOKUP(F2,件番!$A$10:$D$113,2,FALSE)),"",(VLOOKUP(F2,件番!$A$10:$D$113,4,FALSE))) | G5: =IF(ISERROR(VLOOKUP(G2,件番!$A$10:$D$113,2,FALSE)),"",(VLOOKUP(G2,件番!$A$10:$D$113,4,FALSE))) | H5: =IF(ISERROR(VLOOKUP(H2,件番!$A$10:$D$113,2,FALSE)),"",(VLOOKUP(H2,件番!$A$10:$D$113,4,FALSE))) | I5: =IF(ISERROR(VLOOKUP(I2,件番!$A$10:$D$113,2,FALSE)),"",(VLOOKUP(I2,件番!$A$10:$D$113,4,FALSE))) | J5: =IF(ISERROR(VLOOKUP(J2,件番!$A$10:$D$113,2,FALSE)),"",(VLOOKUP(J2,件番!$A$10:$D$113,4,FALSE))) | K5: =IF(ISERROR(VLOOKUP(K2,件番!$A$10:$D$113,2,FALSE)),"",(VLOOKUP(K2,件番!$A$10:$D$113,4,FALSE))) | ... Q5: =IF(ISERROR(VLOOKUP(Q2,件番!$A$10:$D$113,2,FALSE)),"",(VLOOKUP(Q2,件番!$A$10:$D$113,4,FALSE))) | S5: =IF(ISERROR(VLOOKUP(S2,件番!$A$3:$D$113,2,FALSE)),"",(VLOOKUP(S2,件番!$A$3:$D$113,4,FALSE))) -> 0 | T5: 合計 | U5: 備考 | V5: 始業 | W5: 終業 | X5: 休憩 | Y5: 就業時間 | Z5: チェック
B6: 46327 | C6: =TEXT(B6,"aaa") -> 日 | T6: =SUM(D6:S6) -> 0 | Y6: =(W6-V6-X6)*24 -> 0 | Z6: =Y6-T6 -> 0
B7: 46328 | C7: =TEXT(B7,"aaa") -> 月 | T7: =SUM(D7:S7) -> 0 | V7: 0.375 | W7: 0.72916667 | X7: 0.052083333 | Y7: =(W7-V7-X7)*24 -> 7.25 | Z7: =Y7-T7 -> 7.25 | AA7: =AC7-AB7 -> 0 | AB7: 7.25 | AC7: =ABS(Y7) -> 7.25
B8: 46329 | C8: =TEXT(B8,"aaa") -> 火 | T8: =SUM(D8:S8) -> 0 | U8: 文化の日 | Y8: =(W8-V8-X8)*24 -> 0 | Z8: =Y8-T8 -> 0
B9: 46330 | C9: =TEXT(B9,"aaa") -> 水 | T9: =SUM(D9:S9) -> 0 | V9: 0.375 | W9: 0.72916667 | X9: 0.052083333 | Y9: =(W9-V9-X9)*24 -> 7.25 | Z9: =Y9-T9 -> 7.25 | AA9: =AC9-AB9 -> 0 | AB9: 7.25 | AC9: =ABS(Y9) -> 7.25
B10: 46331 | C10: =TEXT(B10,"aaa") -> 木 | T10: =SUM(D10:S10) -> 0 | V10: 0.375 | W10: 0.72916667 | X10: 0.052083333 | Y10: =(W10-V10-X10)*24 -> 7.25 | Z10: =Y10-T10 -> 7.25 | AA10: =AC10-AB10 -> 0 | AB10: 7.25 | AC10: =ABS(Y10) -> 7.25
B11: 46332 | C11: =TEXT(B11,"aaa") -> 金 | T11: =SUM(D11:S11) -> 0 | V11: 0.375 | W11: 0.72916667 | X11: 0.052083333 | Y11: =(W11-V11-X11)*24 -> 7.25 | Z11: =Y11-T11 -> 7.25 | AA11: =AC11-AB11 -> 0 | AB11: 7.25 | AC11: =ABS(Y11) -> 7.25
B12: 46333 | C12: =TEXT(B12,"aaa") -> 土 | T12: =SUM(D12:S12) -> 0 | Y12: =(W12-V12-X12)*24 -> 0 | Z12: =Y12-T12 -> 0
B13: 46334 | C13: =TEXT(B13,"aaa") -> 日 | T13: =SUM(D13:S13) -> 0 | Y13: =(W13-V13-X13)*24 -> 0 | Z13: =Y13-T13 -> 0
B14: 46335 | C14: =TEXT(B14,"aaa") -> 月 | T14: =SUM(D14:S14) -> 0 | V14: 0.375 | W14: 0.72916667 | X14: 0.052083333 | Y14: =(W14-V14-X14)*24 -> 7.25 | Z14: =Y14-T14 -> 7.25 | AA14: =AC14-AB14 -> 0 | AB14: 7.25 | AC14: =ABS(Y14) -> 7.25
B15: 46336 | C15: =TEXT(B15,"aaa") -> 火 | T15: =SUM(D15:S15) -> 0 | V15: 0.375 | W15: 0.72916667 | X15: 0.052083333 | Y15: =(W15-V15-X15)*24 -> 7.25 | Z15: =Y15-T15 -> 7.25 | AA15: =AC15-AB15 -> 0 | AB15: 7.25 | AC15: =ABS(Y15) -> 7.25
B16: 46337 | C16: =TEXT(B16,"aaa") -> 水 | T16: =SUM(D16:S16) -> 0 | V16: 0.375 | W16: 0.72916667 | X16: 0.052083333 | Y16: =(W16-V16-X16)*24 -> 7.25 | Z16: =Y16-T16 -> 7.25 | AA16: =AC16-AB16 -> 0 | AB16: 7.25 | AC16: =ABS(Y16) -> 7.25
B17: 46338 | C17: =TEXT(B17,"aaa") -> 木 | T17: =SUM(D17:S17) -> 0 | V17: 0.375 | W17: 0.72916667 | X17: 0.052083333 | Y17: =(W17-V17-X17)*24 -> 7.25 | Z17: =Y17-T17 -> 7.25 | AA17: =AC17-AB17 -> 0 | AB17: 7.25 | AC17: =ABS(Y17) -> 7.25
B18: 46339 | C18: =TEXT(B18,"aaa") -> 金 | T18: =SUM(D18:S18) -> 0 | V18: 0.375 | W18: 0.72916667 | X18: 0.052083333 | Y18: =(W18-V18-X18)*24 -> 7.25 | Z18: =Y18-T18 -> 7.25 | AA18: =AC18-AB18 -> 0 | AB18: 7.25 | AC18: =ABS(Y18) -> 7.25
B19: 46340 | C19: =TEXT(B19,"aaa") -> 土 | T19: =SUM(D19:S19) -> 0 | Y19: =(W19-V19-X19)*24 -> 0 | Z19: =Y19-T19 -> 0
B20: 46341 | C20: =TEXT(B20,"aaa") -> 日 | T20: =SUM(D20:S20) -> 0 | Y20: =(W20-V20-X20)*24 -> 0 | Z20: =Y20-T20 -> 0
B21: 46342 | C21: =TEXT(B21,"aaa") -> 月 | T21: =SUM(D21:S21) -> 0 | V21: 0.375 | W21: 0.72916667 | X21: 0.052083333 | Y21: =(W21-V21-X21)*24 -> 7.25 | Z21: =Y21-T21 -> 7.25 | AA21: =AC21-AB21 -> 0 | AB21: 7.25 | AC21: =ABS(Y21) -> 7.25
B22: 46343 | C22: =TEXT(B22,"aaa") -> 火 | T22: =SUM(D22:S22) -> 0 | V22: 0.375 | W22: 0.72916667 | X22: 0.052083333 | Y22: =(W22-V22-X22)*24 -> 7.25 | Z22: =Y22-T22 -> 7.25 | AA22: =AC22-AB22 -> 0 | AB22: 7.25 | AC22: =ABS(Y22) -> 7.25
B23: 46344 | C23: =TEXT(B23,"aaa") -> 水 | T23: =SUM(D23:S23) -> 0 | V23: 0.375 | W23: 0.72916667 | X23: 0.052083333 | Y23: =(W23-V23-X23)*24 -> 7.25 | Z23: =Y23-T23 -> 7.25 | AA23: =AC23-AB23 -> 0 | AB23: 7.25 | AC23: =ABS(Y23) -> 7.25
B24: 46345 | C24: =TEXT(B24,"aaa") -> 木 | T24: =SUM(D24:S24) -> 0 | V24: 0.375 | W24: 0.72916667 | X24: 0.052083333 | Y24: =(W24-V24-X24)*24 -> 7.25 | Z24: =Y24-T24 -> 7.25 | AA24: =AC24-AB24 -> 0 | AB24: 7.25 | AC24: =ABS(Y24) -> 7.25
B25: 46346 | C25: =TEXT(B25,"aaa") -> 金 | T25: =SUM(D25:S25) -> 0 | V25: 0.375 | W25: 0.72916667 | X25: 0.052083333 | Y25: =(W25-V25-X25)*24 -> 7.25 | Z25: =Y25-T25 -> 7.25 | AA25: =AC25-AB25 -> 0 | AB25: 7.25 | AC25: =ABS(Y25) -> 7.25
B26: 46347 | C26: =TEXT(B26,"aaa") -> 土 | T26: =SUM(D26:S26) -> 0 | Y26: =(W26-V26-X26)*24 -> 0 | Z26: =Y26-T26 -> 0
B27: 46348 | C27: =TEXT(B27,"aaa") -> 日 | T27: =SUM(D27:S27) -> 0 | Y27: =(W27-V27-X27)*24 -> 0 | Z27: =Y27-T27 -> 0
B28: 46349 | C28: =TEXT(B28,"aaa") -> 月 | T28: =SUM(D28:S28) -> 0 | U28: 勤労感謝の日 | Y28: =(W28-V28-X28)*24 -> 0 | Z28: =Y28-T28 -> 0
B29: 46350 | C29: =TEXT(B29,"aaa") -> 火 | T29: =SUM(D29:S29) -> 0 | V29: 0.375 | W29: 0.72916667 | X29: 0.052083333 | Y29: =(W29-V29-X29)*24 -> 7.25 | Z29: =Y29-T29 -> 7.25 | AA29: =AC29-AB29 -> 0 | AB29: 7.25 | AC29: =ABS(Y29) -> 7.25
B30: 46351 | C30: =TEXT(B30,"aaa") -> 水 | T30: =SUM(D30:S30) -> 0 | V30: 0.375 | W30: 0.72916667 | X30: 0.052083333 | Y30: =(W30-V30-X30)*24 -> 7.25 | Z30: =Y30-T30 -> 7.25 | AA30: =AC30-AB30 -> 0 | AB30: 7.25 | AC30: =ABS(Y30) -> 7.25
B31: 46352 | C31: =TEXT(B31,"aaa") -> 木 | T31: =SUM(D31:S31) -> 0 | V31: 0.375 | W31: 0.72916667 | X31: 0.052083333 | Y31: =(W31-V31-X31)*24 -> 7.25 | Z31: =Y31-T31 -> 7.25 | AA31: =AC31-AB31 -> 0 | AB31: 7.25 | AC31: =ABS(Y31) -> 7.25
B32: 46353 | C32: =TEXT(B32,"aaa") -> 金 | T32: =SUM(D32:S32) -> 0 | V32: 0.375 | W32: 0.72916667 | X32: 0.052083333 | Y32: =(W32-V32-X32)*24 -> 7.25 | Z32: =Y32-T32 -> 7.25 | AA32: =AC32-AB32 -> 0 | AB32: 7.25 | AC32: =ABS(Y32) -> 7.25
B33: 46354 | C33: =TEXT(B33,"aaa") -> 土 | T33: =SUM(D33:S33) -> 0 | Y33: =(W33-V33-X33)*24 -> 0 | Z33: =Y33-T33 -> 0
B34: 46355 | C34: =TEXT(B34,"aaa") -> 日 | T34: =SUM(D34:S34) -> 0 | Y34: =(W34-V34-X34)*24 -> 0 | Z34: =Y34-T34 -> 0
B35: 46356 | C35: =TEXT(B35,"aaa") -> 月 | T35: =SUM(D35:S35) -> 0 | V35: 0.375 | W35: 0.72916667 | X35: 0.052083333 | Y35: =(W35-V35-X35)*24 -> 7.25 | Z35: =Y35-T35 -> 7.25 | AA35: =AC35-AB35 -> 0 | AB35: 7.25 | AC35: =ABS(Y35) -> 7.25
B37: 月 | C37: 合計 | D37: =SUM(D6:D36) -> 0 | E37: =SUM(E6:E36) -> 0 | F37: =SUM(F6:F36) -> 0 | G37: =SUM(G6:G36) -> 0 | H37: =SUM(H6:H36) -> 0 | I37: =SUM(I6:I36) -> 0 | J37: =SUM(J6:J36) -> 0 | K37: =SUM(K6:K36) -> 0 | ... T37: =SUM(T6:T36) -> 0 | AA37: =SUM(AA6:AA36) -> 0 | AB37: =SUM(AB6:AB36) -> 137.75
B40: 直接経費（交通費等） | T40: 合計（円） | U40: 備考
C41: =TEXT(B41,"aaa") -> 土 | T41: =SUM(D41:S41) -> 0
C42: =TEXT(B42,"aaa") -> 土 | T42: =SUM(D42:S42) -> 0
C43: =TEXT(B43,"aaa") -> 土 | T43: =SUM(D43:S43) -> 0
C44: =TEXT(B44,"aaa") -> 土 | T44: =SUM(D44:S44) -> 0
C45: =TEXT(B45,"aaa") -> 土 | T45: =SUM(D45:S45) -> 0
C46: =TEXT(B46,"aaa") -> 土 | T46: =SUM(D46:S46) -> 0
C47: =TEXT(B47,"aaa") -> 土 | T47: =SUM(D47:S47) -> 0
T48: =SUM(D48:S48) -> 0
B50: 月 | C50: 合計 | D50: =SUM(D41:D49) -> 0 | E50: =SUM(E41:E49) -> 0 | F50: =SUM(F41:F49) -> 0 | G50: =SUM(G41:G49) -> 0 | H50: =SUM(H41:H49) -> 0 | I50: =SUM(I41:I49) -> 0 | J50: =SUM(J41:J49) -> 0 | K50: =SUM(K41:K49) -> 0 | ... T50: =SUM(T41:T49) -> 0

Sheet 12月
B2: No. （件番SheetのNo.を入力⇒） | S2: 99
B3: 件番（自動入力） | D3: =IF(ISERROR(VLOOKUP(D2,件番!$A$10:$D$113,2,FALSE)),"",(VLOOKUP(D2,件番!$A$10:$D$113,2,FALSE))) | E3: =IF(ISERROR(VLOOKUP(E2,件番!$A$10:$D$113,2,FALSE)),"",(VLOOKUP(E2,件番!$A$10:$D$113,2,FALSE))) | F3: =IF(ISERROR(VLOOKUP(F2,件番!$A$10:$D$113,2,FALSE)),"",(VLOOKUP(F2,件番!$A$10:$D$113,2,FALSE))) | G3: =IF(ISERROR(VLOOKUP(G2,件番!$A$10:$D$113,2,FALSE)),"",(VLOOKUP(G2,件番!$A$10:$D$113,2,FALSE))) | H3: =IF(ISERROR(VLOOKUP(H2,件番!$A$10:$D$113,2,FALSE)),"",(VLOOKUP(H2,件番!$A$10:$D$113,2,FALSE))) | I3: =IF(ISERROR(VLOOKUP(I2,件番!$A$10:$D$113,2,FALSE)),"",(VLOOKUP(I2,件番!$A$10:$D$113,2,FALSE))) | J3: =IF(ISERROR(VLOOKUP(J2,件番!$A$10:$D$113,2,FALSE)),"",(VLOOKUP(J2,件番!$A$10:$D$113,2,FALSE))) | K3: =IF(ISERROR(VLOOKUP(K2,件番!$A$10:$D$113,2,FALSE)),"",(VLOOKUP(K2,件番!$A$10:$D$113,2,FALSE))) | ... P3: =IF(ISERROR(VLOOKUP(P2,件番!$A$10:$D$113,2,FALSE)),"",(VLOOKUP(P2,件番!$A$10:$D$113,2,FALSE))) | R3: =IF(ISERROR(VLOOKUP(R2,件番!$A$10:$D$113,2,FALSE)),"",(VLOOKUP(R2,件番!$A$10:$D$113,2,FALSE))) | S3: =IF(ISERROR(VLOOKUP(S2,件番!$A$3:$D$113,2,FALSE)),"",(VLOOKUP(S2,件番!$A$3:$D$113,2,FALSE))) -> 2032B1008
B4: 件名（自動入力） | D4: =IF(ISERROR(VLOOKUP(D2,件番!$A$10:$D$113,2,FALSE)),"",(VLOOKUP(D2,件番!$A$10:$D$113,3,FALSE))) | E4: =IF(ISERROR(VLOOKUP(E2,件番!$A$10:$D$113,2,FALSE)),"",(VLOOKUP(E2,件番!$A$10:$D$113,3,FALSE))) | F4: =IF(ISERROR(VLOOKUP(F2,件番!$A$10:$D$113,2,FALSE)),"",(VLOOKUP(F2,件番!$A$10:$D$113,3,FALSE))) | G4: =IF(ISERROR(VLOOKUP(G2,件番!$A$10:$D$113,2,FALSE)),"",(VLOOKUP(G2,件番!$A$10:$D$113,3,FALSE))) | H4: =IF(ISERROR(VLOOKUP(H2,件番!$A$10:$D$113,2,FALSE)),"",(VLOOKUP(H2,件番!$A$10:$D$113,3,FALSE))) | I4: =IF(ISERROR(VLOOKUP(I2,件番!$A$10:$D$113,2,FALSE)),"",(VLOOKUP(I2,件番!$A$10:$D$113,3,FALSE))) | J4: =IF(ISERROR(VLOOKUP(J2,件番!$A$10:$D$113,2,FALSE)),"",(VLOOKUP(J2,件番!$A$10:$D$113,3,FALSE))) | K4: =IF(ISERROR(VLOOKUP(K2,件番!$A$10:$D$113,2,FALSE)),"",(VLOOKUP(K2,件番!$A$10:$D$113,3,FALSE))) | ... P4: =IF(ISERROR(VLOOKUP(P2,件番!$A$10:$D$113,2,FALSE)),"",(VLOOKUP(P2,件番!$A$10:$D$113,3,FALSE))) | R4: =IF(ISERROR(VLOOKUP(R2,件番!$A$10:$D$113,2,FALSE)),"",(VLOOKUP(R2,件番!$A$10:$D$113,3,FALSE))) | S4: =IF(ISERROR(VLOOKUP(S2,件番!$A$3:$D$113,2,FALSE)),"",(VLOOKUP(S2,件番!$A$3:$D$113,3,FALSE))) -> 関東交通整備
B5: 管理（自動入力） | D5: =IF(ISERROR(VLOOKUP(D2,件番!$A$10:$D$113,2,FALSE)),"",(VLOOKUP(D2,件番!$A$10:$D$113,4,FALSE))) | E5: =IF(ISERROR(VLOOKUP(E2,件番!$A$10:$D$113,2,FALSE)),"",(VLOOKUP(E2,件番!$A$10:$D$113,4,FALSE))) | F5: =IF(ISERROR(VLOOKUP(F2,件番!$A$10:$D$113,2,FALSE)),"",(VLOOKUP(F2,件番!$A$10:$D$113,4,FALSE))) | G5: =IF(ISERROR(VLOOKUP(G2,件番!$A$10:$D$113,2,FALSE)),"",(VLOOKUP(G2,件番!$A$10:$D$113,4,FALSE))) | H5: =IF(ISERROR(VLOOKUP(H2,件番!$A$10:$D$113,2,FALSE)),"",(VLOOKUP(H2,件番!$A$10:$D$113,4,FALSE))) | I5: =IF(ISERROR(VLOOKUP(I2,件番!$A$10:$D$113,2,FALSE)),"",(VLOOKUP(I2,件番!$A$10:$D$113,4,FALSE))) | J5: =IF(ISERROR(VLOOKUP(J2,件番!$A$10:$D$113,2,FALSE)),"",(VLOOKUP(J2,件番!$A$10:$D$113,4,FALSE))) | K5: =IF(ISERROR(VLOOKUP(K2,件番!$A$10:$D$113,2,FALSE)),"",(VLOOKUP(K2,件番!$A$10:$D$113,4,FALSE))) | ... P5: =IF(ISERROR(VLOOKUP(P2,件番!$A$10:$D$113,2,FALSE)),"",(VLOOKUP(P2,件番!$A$10:$D$113,4,FALSE))) | R5: =IF(ISERROR(VLOOKUP(R2,件番!$A$10:$D$113,2,FALSE)),"",(VLOOKUP(R2,件番!$A$10:$D$113,4,FALSE))) | S5: =IF(ISERROR(VLOOKUP(S2,件番!$A$3:$D$113,2,FALSE)),"",(VLOOKUP(S2,件番!$A$3:$D$113,4,FALSE))) -> 0 | T5: 合計 | U5: 備考 | V5: 始業 | W5: 終業 | X5: 休憩 | Y5: 就業時間 | Z5: チェック
B6: 46357 | C6: =TEXT(B6,"aaa") -> 火 | T6: =SUM(D6:S6) -> 0 | V6: 0.375 | W6: 0.72916667 | X6: 0.052083333 | Y6: =(W6-V6-X6)*24 -> 7.25 | Z6: =Y6-T6 -> 7.25 | AA6: =AC6-AB6 -> 0 | AB6: 7.25 | AC6: =ABS(Y6) -> 7.25
B7: 46358 | C7: =TEXT(B7,"aaa") -> 水 | T7: =SUM(D7:S7) -> 0 | V7: 0.375 | W7: 0.72916667 | X7: 0.052083333 | Y7: =(W7-V7-X7)*24 -> 7.25 | Z7: =Y7-T7 -> 7.25 | AA7: =AC7-AB7 -> 0 | AB7: 7.25 | AC7: =ABS(Y7) -> 7.25
B8: 46359 | C8: =TEXT(B8,"aaa") -> 木 | T8: =SUM(D8:S8) -> 0 | V8: 0.375 | W8: 0.72916667 | X8: 0.052083333 | Y8: =(W8-V8-X8)*24 -> 7.25 | Z8: =Y8-T8 -> 7.25 | AA8: =AC8-AB8 -> 0 | AB8: 7.25 | AC8: =ABS(Y8) -> 7.25
B9: 46360 | C9: =TEXT(B9,"aaa") -> 金 | T9: =SUM(D9:S9) -> 0 | U9: OC創立記念日 | V9: 0.375 | W9: 0.72916667 | X9: 0.052083333 | Y9: =(W9-V9-X9)*24 -> 7.25 | Z9: =Y9-T9 -> 7.25 | AA9: =AC9-AB9 -> 0 | AB9: 7.25 | AC9: =ABS(Y9) -> 7.25
B10: 46361 | C10: =TEXT(B10,"aaa") -> 土 | T10: =SUM(D10:S10) -> 0 | Y10: =(W10-V10-X10)*24 -> 0 | Z10: =Y10-T10 -> 0
B11: 46362 | C11: =TEXT(B11,"aaa") -> 日 | T11: =SUM(D11:S11) -> 0 | Y11: =(W11-V11-X11)*24 -> 0 | Z11: =Y11-T11 -> 0
B12: 46363 | C12: =TEXT(B12,"aaa") -> 月 | T12: =SUM(D12:S12) -> 0 | V12: 0.375 | W12: 0.72916667 | X12: 0.052083333 | Y12: =(W12-V12-X12)*24 -> 7.25 | Z12: =Y12-T12 -> 7.25 | AA12: =AC12-AB12 -> 0 | AB12: 7.25 | AC12: =ABS(Y12) -> 7.25
B13: 46364 | C13: =TEXT(B13,"aaa") -> 火 | T13: =SUM(D13:S13) -> 0 | V13: 0.375 | W13: 0.72916667 | X13: 0.052083333 | Y13: =(W13-V13-X13)*24 -> 7.25 | Z13: =Y13-T13 -> 7.25 | AA13: =AC13-AB13 -> 0 | AB13: 7.25 | AC13: =ABS(Y13) -> 7.25
B14: 46365 | C14: =TEXT(B14,"aaa") -> 水 | T14: =SUM(D14:S14) -> 0 | V14: 0.375 | W14: 0.72916667 | X14: 0.052083333 | Y14: =(W14-V14-X14)*24 -> 7.25 | Z14: =Y14-T14 -> 7.25 | AA14: =AC14-AB14 -> 0 | AB14: 7.25 | AC14: =ABS(Y14) -> 7.25
B15: 46366 | C15: =TEXT(B15,"aaa") -> 木 | T15: =SUM(D15:S15) -> 0 | V15: 0.375 | W15: 0.72916667 | X15: 0.052083333 | Y15: =(W15-V15-X15)*24 -> 7.25 | Z15: =Y15-T15 -> 7.25 | AA15: =AC15-AB15 -> 0 | AB15: 7.25 | AC15: =ABS(Y15) -> 7.25
B16: 46367 | C16: =TEXT(B16,"aaa") -> 金 | T16: =SUM(D16:S16) -> 0 | V16: 0.375 | W16: 0.72916667 | X16: 0.052083333 | Y16: =(W16-V16-X16)*24 -> 7.25 | Z16: =Y16-T16 -> 7.25 | AA16: =AC16-AB16 -> 0 | AB16: 7.25 | AC16: =ABS(Y16) -> 7.25
B17: 46368 | C17: =TEXT(B17,"aaa") -> 土 | T17: =SUM(D17:S17) -> 0 | Y17: =(W17-V17-X17)*24 -> 0 | Z17: =Y17-T17 -> 0
B18: 46369 | C18: =TEXT(B18,"aaa") -> 日 | T18: =SUM(D18:S18) -> 0 | Y18: =(W18-V18-X18)*24 -> 0 | Z18: =Y18-T18 -> 0
B19: 46370 | C19: =TEXT(B19,"aaa") -> 月 | T19: =SUM(D19:S19) -> 0 | V19: 0.375 | W19: 0.72916667 | X19: 0.052083333 | Y19: =(W19-V19-X19)*24 -> 7.25 | Z19: =Y19-T19 -> 7.25 | AA19: =AC19-AB19 -> 0 | AB19: 7.25 | AC19: =ABS(Y19) -> 7.25
B20: 46371 | C20: =TEXT(B20,"aaa") -> 火 | T20: =SUM(D20:S20) -> 0 | V20: 0.375 | W20: 0.72916667 | X20: 0.052083333 | Y20: =(W20-V20-X20)*24 -> 7.25 | Z20: =Y20-T20 -> 7.25 | AA20: =AC20-AB20 -> 0 | AB20: 7.25 | AC20: =ABS(Y20) -> 7.25
B21: 46372 | C21: =TEXT(B21,"aaa") -> 水 | T21: =SUM(D21:S21) -> 0 | V21: 0.375 | W21: 0.72916667 | X21: 0.052083333 | Y21: =(W21-V21-X21)*24 -> 7.25 | Z21: =Y21-T21 -> 7.25 | AA21: =AC21-AB21 -> 0 | AB21: 7.25 | AC21: =ABS(Y21) -> 7.25
B22: 46373 | C22: =TEXT(B22,"aaa") -> 木 | T22: =SUM(D22:S22) -> 0 | V22: 0.375 | W22: 0.72916667 | X22: 0.052083333 | Y22: =(W22-V22-X22)*24 -> 7.25 | Z22: =Y22-T22 -> 7.25 | AA22: =AC22-AB22 -> 0 | AB22: 7.25 | AC22: =ABS(Y22) -> 7.25
B23: 46374 | C23: =TEXT(B23,"aaa") -> 金 | T23: =SUM(D23:S23) -> 0 | V23: 0.375 | W23: 0.72916667 | X23: 0.052083333 | Y23: =(W23-V23-X23)*24 -> 7.25 | Z23: =Y23-T23 -> 7.25 | AA23: =AC23-AB23 -> 0 | AB23: 7.25 | AC23: =ABS(Y23) -> 7.25
B24: 46375 | C24: =TEXT(B24,"aaa") -> 土 | T24: =SUM(D24:S24) -> 0 | Y24: =(W24-V24-X24)*24 -> 0 | Z24: =Y24-T24 -> 0
B25: 46376 | C25: =TEXT(B25,"aaa") -> 日 | T25: =SUM(D25:S25) -> 0 | Y25: =(W25-V25-X25)*24 -> 0 | Z25: =Y25-T25 -> 0
B26: 46377 | C26: =TEXT(B26,"aaa") -> 月 | T26: =SUM(D26:S26) -> 0 | V26: 0.375 | W26: 0.72916667 | X26: 0.052083333 | Y26: =(W26-V26-X26)*24 -> 7.25 | Z26: =Y26-T26 -> 7.25 | AA26: =AC26-AB26 -> 0 | AB26: 7.25 | AC26: =ABS(Y26) -> 7.25
B27: 46378 | C27: =TEXT(B27,"aaa") -> 火 | T27: =SUM(D27:S27) -> 0 | V27: 0.375 | W27: 0.72916667 | X27: 0.052083333 | Y27: =(W27-V27-X27)*24 -> 7.25 | Z27: =Y27-T27 -> 7.25 | AA27: =AC27-AB27 -> 0 | AB27: 7.25 | AC27: =ABS(Y27) -> 7.25
B28: 46379 | C28: =TEXT(B28,"aaa") -> 水 | T28: =SUM(D28:S28) -> 0 | V28: 0.375 | W28: 0.72916667 | X28: 0.052083333 | Y28: =(W28-V28-X28)*24 -> 7.25 | Z28: =Y28-T28 -> 7.25 | AA28: =AC28-AB28 -> 0 | AB28: 7.25 | AC28: =ABS(Y28) -> 7.25
B29: 46380 | C29: =TEXT(B29,"aaa") -> 木 | T29: =SUM(D29:S29) -> 0 | V29: 0.375 | W29: 0.72916667 | X29: 0.052083333 | Y29: =(W29-V29-X29)*24 -> 7.25 | Z29: =Y29-T29 -> 7.25 | AA29: =AC29-AB29 -> 0 | AB29: 7.25 | AC29: =ABS(Y29) -> 7.25
B30: 46381 | C30: =TEXT(B30,"aaa") -> 金 | T30: =SUM(D30:S30) -> 0 | V30: 0.375 | W30: 0.72916667 | X30: 0.052083333 | Y30: =(W30-V30-X30)*24 -> 7.25 | Z30: =Y30-T30 -> 7.25 | AA30: =AC30-AB30 -> 0 | AB30: 7.25 | AC30: =ABS(Y30) -> 7.25
B31: 46382 | C31: =TEXT(B31,"aaa") -> 土 | T31: =SUM(D31:S31) -> 0 | Y31: =(W31-V31-X31)*24 -> 0 | Z31: =Y31-T31 -> 0
B32: 46383 | C32: =TEXT(B32,"aaa") -> 日 | T32: =SUM(D32:S32) -> 0 | Y32: =(W32-V32-X32)*24 -> 0 | Z32: =Y32-T32 -> 0
B33: 46384 | C33: =TEXT(B33,"aaa") -> 月 | T33: =SUM(D33:S33) -> 0 | V33: 0.375 | W33: 0.72916667 | X33: 0.052083333 | Y33: =(W33-V33-X33)*24 -> 7.25 | Z33: =Y33-T33 -> 7.25 | AA33: =AC33-AB33 -> 0 | AB33: 7.25 | AC33: =ABS(Y33) -> 7.25
B34: 46385 | C34: =TEXT(B34,"aaa") -> 火 | T34: =SUM(D34:S34) -> 0 | V34: 0.375 | W34: 0.72916667 | X34: 0.052083333 | Y34: =(W34-V34-X34)*24 -> 7.25 | Z34: =Y34-T34 -> 7.25 | AA34: =AC34-AB34 -> 0 | AB34: 7.25 | AC34: =ABS(Y34) -> 7.25
B35: 46386 | C35: =TEXT(B35,"aaa") -> 水 | T35: =SUM(D35:S35) -> 0 | Y35: =(W35-V35-X35)*24 -> 0 | Z35: =Y35-T35 -> 0
B36: 46387 | C36: =TEXT(B36,"aaa") -> 木 | T36: =SUM(D36:S36) -> 0 | Y36: =(W36-V36-X36)*24 -> 0 | Z36: =Y36-T36 -> 0
B37: 月 | C37: 合計 | D37: =SUM(D6:D36) -> 0 | E37: =SUM(E6:E36) -> 0 | F37: =SUM(F6:F36) -> 0 | G37: =SUM(G6:G36) -> 0 | H37: =SUM(H6:H36) -> 0 | I37: =SUM(I6:I36) -> 0 | J37: =SUM(J6:J36) -> 0 | K37: =SUM(K6:K36) -> 0 | ... T37: =SUM(T6:T36) -> 0 | AA37: =SUM(AA6:AA36) -> 0 | AB37: =SUM(AB6:AB36) -> 152.25
B40: 直接経費（交通費等） | T40: 合計（円） | U40: 備考
C41: =TEXT(B41,"aaa") -> 土 | T41: =SUM(D41:S41) -> 0
C42: =TEXT(B42,"aaa") -> 土 | T42: =SUM(D42:S42) -> 0
C43: =TEXT(B43,"aaa") -> 土 | T43: =SUM(D43:S43) -> 0
C44: =TEXT(B44,"aaa") -> 土 | T44: =SUM(D44:S44) -> 0
C45: =TEXT(B45,"aaa") -> 土 | T45: =SUM(D45:S45) -> 0
C46: =TEXT(B46,"aaa") -> 土 | T46: =SUM(D46:S46) -> 0
C47: =TEXT(B47,"aaa") -> 土 | T47: =SUM(D47:S47) -> 0
C48: =TEXT(B48,"aaa") -> 土 | T48: =SUM(D48:S48) -> 0
C49: =TEXT(B49,"aaa") -> 土 | T49: =SUM(D49:S49) -> 0
B50: 12/16～12/19 | R50: 33320 | T50: =SUM(D50:S50) -> 33320 | U50: 宿泊費 | V50: 領収書㉔
B52: 月 | C52: 合計 | D52: =SUM(D41:D51) -> 0 | E52: =SUM(E41:E51) -> 0 | F52: =SUM(F41:F51) -> 0 | G52: =SUM(G41:G51) -> 0 | H52: =SUM(H41:H51) -> 0 | I52: =SUM(I41:I51) -> 0 | J52: =SUM(J41:J51) -> 0 | K52: =SUM(K41:K51) -> 0 | ... T52: =SUM(T41:T51) -> 33320

Sheet 1月
B2: No. （件番SheetのNo.を入力⇒） | S2: 99
B3: 件番（自動入力） | D3: =IF(ISERROR(VLOOKUP(D2,件番!$A$10:$D$113,2,FALSE)),"",(VLOOKUP(D2,件番!$A$10:$D$113,2,FALSE))) | E3: =IF(ISERROR(VLOOKUP(E2,件番!$A$10:$D$113,2,FALSE)),"",(VLOOKUP(E2,件番!$A$10:$D$113,2,FALSE))) | F3: =IF(ISERROR(VLOOKUP(F2,件番!$A$10:$D$113,2,FALSE)),"",(VLOOKUP(F2,件番!$A$10:$D$113,2,FALSE))) | G3: =IF(ISERROR(VLOOKUP(G2,件番!$A$10:$D$113,2,FALSE)),"",(VLOOKUP(G2,件番!$A$10:$D$113,2,FALSE))) | H3: =IF(ISERROR(VLOOKUP(H2,件番!$A$10:$D$113,2,FALSE)),"",(VLOOKUP(H2,件番!$A$10:$D$113,2,FALSE))) | I3: =IF(ISERROR(VLOOKUP(I2,件番!$A$10:$D$113,2,FALSE)),"",(VLOOKUP(I2,件番!$A$10:$D$113,2,FALSE))) | J3: =IF(ISERROR(VLOOKUP(J2,件番!$A$10:$D$113,2,FALSE)),"",(VLOOKUP(J2,件番!$A$10:$D$113,2,FALSE))) | K3: =IF(ISERROR(VLOOKUP(K2,件番!$A$10:$D$113,2,FALSE)),"",(VLOOKUP(K2,件番!$A$10:$D$113,2,FALSE))) | ... P3: =IF(ISERROR(VLOOKUP(P2,件番!$A$10:$D$113,2,FALSE)),"",(VLOOKUP(P2,件番!$A$10:$D$113,2,FALSE))) | R3: =IF(ISERROR(VLOOKUP(R2,件番!$A$10:$D$113,2,FALSE)),"",(VLOOKUP(R2,件番!$A$10:$D$113,2,FALSE))) | S3: =IF(ISERROR(VLOOKUP(S2,件番!$A$3:$D$113,2,FALSE)),"",(VLOOKUP(S2,件番!$A$3:$D$113,2,FALSE))) -> 2032B1008
B4: 件名（自動入力） | D4: =IF(ISERROR(VLOOKUP(D2,件番!$A$10:$D$113,2,FALSE)),"",(VLOOKUP(D2,件番!$A$10:$D$113,3,FALSE))) | E4: =IF(ISERROR(VLOOKUP(E2,件番!$A$10:$D$113,2,FALSE)),"",(VLOOKUP(E2,件番!$A$10:$D$113,3,FALSE))) | F4: =IF(ISERROR(VLOOKUP(F2,件番!$A$10:$D$113,2,FALSE)),"",(VLOOKUP(F2,件番!$A$10:$D$113,3,FALSE))) | G4: =IF(ISERROR(VLOOKUP(G2,件番!$A$10:$D$113,2,FALSE)),"",(VLOOKUP(G2,件番!$A$10:$D$113,3,FALSE))) | H4: =IF(ISERROR(VLOOKUP(H2,件番!$A$10:$D$113,2,FALSE)),"",(VLOOKUP(H2,件番!$A$10:$D$113,3,FALSE))) | I4: =IF(ISERROR(VLOOKUP(I2,件番!$A$10:$D$113,2,FALSE)),"",(VLOOKUP(I2,件番!$A$10:$D$113,3,FALSE))) | J4: =IF(ISERROR(VLOOKUP(J2,件番!$A$10:$D$113,2,FALSE)),"",(VLOOKUP(J2,件番!$A$10:$D$113,3,FALSE))) | K4: =IF(ISERROR(VLOOKUP(K2,件番!$A$10:$D$113,2,FALSE)),"",(VLOOKUP(K2,件番!$A$10:$D$113,3,FALSE))) | ... P4: =IF(ISERROR(VLOOKUP(P2,件番!$A$10:$D$113,2,FALSE)),"",(VLOOKUP(P2,件番!$A$10:$D$113,3,FALSE))) | R4: =IF(ISERROR(VLOOKUP(R2,件番!$A$10:$D$113,2,FALSE)),"",(VLOOKUP(R2,件番!$A$10:$D$113,3,FALSE))) | S4: =IF(ISERROR(VLOOKUP(S2,件番!$A$3:$D$113,2,FALSE)),"",(VLOOKUP(S2,件番!$A$3:$D$113,3,FALSE))) -> 関東交通整備
B5: 管理（自動入力） | D5: =IF(ISERROR(VLOOKUP(D2,件番!$A$10:$D$113,2,FALSE)),"",(VLOOKUP(D2,件番!$A$10:$D$113,4,FALSE))) | E5: =IF(ISERROR(VLOOKUP(E2,件番!$A$10:$D$113,2,FALSE)),"",(VLOOKUP(E2,件番!$A$10:$D$113,4,FALSE))) | F5: =IF(ISERROR(VLOOKUP(F2,件番!$A$10:$D$113,2,FALSE)),"",(VLOOKUP(F2,件番!$A$10:$D$113,4,FALSE))) | G5: =IF(ISERROR(VLOOKUP(G2,件番!$A$10:$D$113,2,FALSE)),"",(VLOOKUP(G2,件番!$A$10:$D$113,4,FALSE))) | H5: =IF(ISERROR(VLOOKUP(H2,件番!$A$10:$D$113,2,FALSE)),"",(VLOOKUP(H2,件番!$A$10:$D$113,4,FALSE))) | I5: =IF(ISERROR(VLOOKUP(I2,件番!$A$10:$D$113,2,FALSE)),"",(VLOOKUP(I2,件番!$A$10:$D$113,4,FALSE))) | J5: =IF(ISERROR(VLOOKUP(J2,件番!$A$10:$D$113,2,FALSE)),"",(VLOOKUP(J2,件番!$A$10:$D$113,4,FALSE))) | K5: =IF(ISERROR(VLOOKUP(K2,件番!$A$10:$D$113,2,FALSE)),"",(VLOOKUP(K2,件番!$A$10:$D$113,4,FALSE))) | ... P5: =IF(ISERROR(VLOOKUP(P2,件番!$A$10:$D$113,2,FALSE)),"",(VLOOKUP(P2,件番!$A$10:$D$113,4,FALSE))) | R5: =IF(ISERROR(VLOOKUP(R2,件番!$A$10:$D$113,2,FALSE)),"",(VLOOKUP(R2,件番!$A$10:$D$113,4,FALSE))) | S5: =IF(ISERROR(VLOOKUP(S2,件番!$A$3:$D$113,2,FALSE)),"",(VLOOKUP(S2,件番!$A$3:$D$113,4,FALSE))) -> 0 | T5: 合計 | U5: 備考 | V5: 始業 | W5: 終業 | X5: 休憩 | Y5: 就業時間 | Z5: チェック
B6: 46388 | C6: =TEXT(B6,"aaa") -> 金 | T6: =SUM(D6:S6) -> 0 | U6: 元旦 | Y6: =(W6-V6-X6)*24 -> 0 | Z6: =Y6-T6 -> 0
B7: 46389 | C7: =TEXT(B7,"aaa") -> 土 | T7: =SUM(D7:S7) -> 0 | Y7: =(W7-V7-X7)*24 -> 0 | Z7: =Y7-T7 -> 0
B8: 46390 | C8: =TEXT(B8,"aaa") -> 日 | T8: =SUM(D8:S8) -> 0 | Y8: =(W8-V8-X8)*24 -> 0 | Z8: =Y8-T8 -> 0
B9: 46391 | C9: =TEXT(B9,"aaa") -> 月 | T9: =SUM(D9:S9) -> 0 | V9: 0.375 | W9: 0.72916667 | X9: 0.052083333 | Y9: =(W9-V9-X9)*24 -> 7.25 | Z9: =Y9-T9 -> 7.25 | AA9: =AC9-AB9 -> 0 | AB9: 7.25 | AC9: =ABS(Y9) -> 7.25
B10: 46392 | C10: =TEXT(B10,"aaa") -> 火 | T10: =SUM(D10:S10) -> 0 | V10: 0.375 | W10: 0.72916667 | X10: 0.052083333 | Y10: =(W10-V10-X10)*24 -> 7.25 | Z10: =Y10-T10 -> 7.25 | AA10: =AC10-AB10 -> 0 | AB10: 7.25 | AC10: =ABS(Y10) -> 7.25
B11: 46393 | C11: =TEXT(B11,"aaa") -> 水 | T11: =SUM(D11:S11) -> 0 | V11: 0.375 | W11: 0.72916667 | X11: 0.052083333 | Y11: =(W11-V11-X11)*24 -> 7.25 | Z11: =Y11-T11 -> 7.25 | AA11: =AC11-AB11 -> 0 | AB11: 7.25 | AC11: =ABS(Y11) -> 7.25
B12: 46394 | C12: =TEXT(B12,"aaa") -> 木 | T12: =SUM(D12:S12) -> 0 | V12: 0.375 | W12: 0.72916667 | X12: 0.052083333 | Y12: =(W12-V12-X12)*24 -> 7.25 | Z12: =Y12-T12 -> 7.25 | AA12: =AC12-AB12 -> 0 | AB12: 7.25 | AC12: =ABS(Y12) -> 7.25
B13: 46395 | C13: =TEXT(B13,"aaa") -> 金 | T13: =SUM(D13:S13) -> 0 | V13: 0.375 | W13: 0.72916667 | X13: 0.052083333 | Y13: =(W13-V13-X13)*24 -> 7.25 | Z13: =Y13-T13 -> 7.25 | AA13: =AC13-AB13 -> 0 | AB13: 7.25 | AC13: =ABS(Y13) -> 7.25
B14: 46396 | C14: =TEXT(B14,"aaa") -> 土 | T14: =SUM(D14:S14) -> 0 | Y14: =(W14-V14-X14)*24 -> 0 | Z14: =Y14-T14 -> 0
B15: 46397 | C15: =TEXT(B15,"aaa") -> 日 | T15: =SUM(D15:S15) -> 0 | Y15: =(W15-V15-X15)*24 -> 0 | Z15: =Y15-T15 -> 0
B16: 46398 | C16: =TEXT(B16,"aaa") -> 月 | T16: =SUM(D16:S16) -> 0 | U16: 成人の日 | Y16: =(W16-V16-X16)*24 -> 0 | Z16: =Y16-T16 -> 0
B17: 46399 | C17: =TEXT(B17,"aaa") -> 火 | T17: =SUM(D17:S17) -> 0 | V17: 0.375 | W17: 0.72916667 | X17: 0.052083333 | Y17: =(W17-V17-X17)*24 -> 7.25 | Z17: =Y17-T17 -> 7.25 | AA17: =AC17-AB17 -> 0 | AB17: 7.25 | AC17: =ABS(Y17) -> 7.25
B18: 46400 | C18: =TEXT(B18,"aaa") -> 水 | T18: =SUM(D18:S18) -> 0 | V18: 0.375 | W18: 0.72916667 | X18: 0.052083333 | Y18: =(W18-V18-X18)*24 -> 7.25 | Z18: =Y18-T18 -> 7.25 | AA18: =AC18-AB18 -> 0 | AB18: 7.25 | AC18: =ABS(Y18) -> 7.25
B19: 46401 | C19: =TEXT(B19,"aaa") -> 木 | T19: =SUM(D19:S19) -> 0 | V19: 0.375 | W19: 0.72916667 | X19: 0.052083333 | Y19: =(W19-V19-X19)*24 -> 7.25 | Z19: =Y19-T19 -> 7.25 | AA19: =AC19-AB19 -> 0 | AB19: 7.25 | AC19: =ABS(Y19) -> 7.25
B20: 46402 | C20: =TEXT(B20,"aaa") -> 金 | T20: =SUM(D20:S20) -> 0 | V20: 0.375 | W20: 0.72916667 | X20: 0.052083333 | Y20: =(W20-V20-X20)*24 -> 7.25 | Z20: =Y20-T20 -> 7.25 | AA20: =AC20-AB20 -> 0 | AB20: 7.25 | AC20: =ABS(Y20) -> 7.25
B21: 46403 | C21: =TEXT(B21,"aaa") -> 土 | T21: =SUM(D21:S21) -> 0 | Y21: =(W21-V21-X21)*24 -> 0 | Z21: =Y21-T21 -> 0
B22: 46404 | C22: =TEXT(B22,"aaa") -> 日 | T22: =SUM(D22:S22) -> 0 | Y22: =(W22-V22-X22)*24 -> 0 | Z22: =Y22-T22 -> 0
B23: 46405 | C23: =TEXT(B23,"aaa") -> 月 | T23: =SUM(D23:S23) -> 0 | V23: 0.375 | W23: 0.72916667 | X23: 0.052083333 | Y23: =(W23-V23-X23)*24 -> 7.25 | Z23: =Y23-T23 -> 7.25 | AA23: =AC23-AB23 -> 0 | AB23: 7.25 | AC23: =ABS(Y23) -> 7.25
B24: 46406 | C24: =TEXT(B24,"aaa") -> 火 | T24: =SUM(D24:S24) -> 0 | V24: 0.375 | W24: 0.72916667 | X24: 0.052083333 | Y24: =(W24-V24-X24)*24 -> 7.25 | Z24: =Y24-T24 -> 7.25 | AA24: =AC24-AB24 -> 0 | AB24: 7.25 | AC24: =ABS(Y24) -> 7.25
B25: 46407 | C25: =TEXT(B25,"aaa") -> 水 | T25: =SUM(D25:S25) -> 0 | V25: 0.375 | W25: 0.72916667 | X25: 0.052083333 | Y25: =(W25-V25-X25)*24 -> 7.25 | Z25: =Y25-T25 -> 7.25 | AA25: =AC25-AB25 -> 0 | AB25: 7.25 | AC25: =ABS(Y25) -> 7.25
B26: 46408 | C26: =TEXT(B26,"aaa") -> 木 | T26: =SUM(D26:S26) -> 0 | V26: 0.375 | W26: 0.72916667 | X26: 0.052083333 | Y26: =(W26-V26-X26)*24 -> 7.25 | Z26: =Y26-T26 -> 7.25 | AA26: =AC26-AB26 -> 0 | AB26: 7.25 | AC26: =ABS(Y26) -> 7.25
B27: 46409 | C27: =TEXT(B27,"aaa") -> 金 | T27: =SUM(D27:S27) -> 0 | V27: 0.375 | W27: 0.72916667 | X27: 0.052083333 | Y27: =(W27-V27-X27)*24 -> 7.25 | Z27: =Y27-T27 -> 7.25 | AA27: =AC27-AB27 -> 0 | AB27: 7.25 | AC27: =ABS(Y27) -> 7.25
B28: 46410 | C28: =TEXT(B28,"aaa") -> 土 | T28: =SUM(D28:S28) -> 0 | Y28: =(W28-V28-X28)*24 -> 0 | Z28: =Y28-T28 -> 0
B29: 46411 | C29: =TEXT(B29,"aaa") -> 日 | T29: =SUM(D29:S29) -> 0 | Y29: =(W29-V29-X29)*24 -> 0 | Z29: =Y29-T29 -> 0
B30: 46412 | C30: =TEXT(B30,"aaa") -> 月 | T30: =SUM(D30:S30) -> 0 | V30: 0.375 | W30: 0.72916667 | X30: 0.052083333 | Y30: =(W30-V30-X30)*24 -> 7.25 | Z30: =Y30-T30 -> 7.25 | AA30: =AC30-AB30 -> 0 | AB30: 7.25 | AC30: =ABS(Y30) -> 7.25
B31: 46413 | C31: =TEXT(B31,"aaa") -> 火 | T31: =SUM(D31:S31) -> 0 | V31: 0.375 | W31: 0.72916667 | X31: 0.052083333 | Y31: =(W31-V31-X31)*24 -> 7.25 | Z31: =Y31-T31 -> 7.25 | AA31: =AC31-AB31 -> 0 | AB31: 7.25 | AC31: =ABS(Y31) -> 7.25
B32: 46414 | C32: =TEXT(B32,"aaa") -> 水 | T32: =SUM(D32:S32) -> 0 | V32: 0.375 | W32: 0.72916667 | X32: 0.052083333 | Y32: =(W32-V32-X32)*24 -> 7.25 | Z32: =Y32-T32 -> 7.25 | AA32: =AC32-AB32 -> 0 | AB32: 7.25 | AC32: =ABS(Y32) -> 7.25
B33: 46415 | C33: =TEXT(B33,"aaa") -> 木 | T33: =SUM(D33:S33) -> 0 | V33: 0.375 | W33: 0.72916667 | X33: 0.052083333 | Y33: =(W33-V33-X33)*24 -> 7.25 | Z33: =Y33-T33 -> 7.25 | AA33: =AC33-AB33 -> 0 | AB33: 7.25 | AC33: =ABS(Y33) -> 7.25
B34: 46416 | C34: =TEXT(B34,"aaa") -> 金 | T34: =SUM(D34:S34) -> 0 | V34: 0.375 | W34: 0.72916667 | X34: 0.052083333 | Y34: =(W34-V34-X34)*24 -> 7.25 | Z34: =Y34-T34 -> 7.25 | AA34: =AC34-AB34 -> 0 | AB34: 7.25 | AC34: =ABS(Y34) -> 7.25
B35: 46417 | C35: =TEXT(B35,"aaa") -> 土 | T35: =SUM(D35:S35) -> 0 | Y35: =(W35-V35-X35)*24 -> 0 | Z35: =Y35-T35 -> 0
B36: 46418 | C36: =TEXT(B36,"aaa") -> 日 | T36: =SUM(D36:S36) -> 0 | Y36: =(W36-V36-X36)*24 -> 0 | Z36: =Y36-T36 -> 0
B37: 月 | C37: 合計 | D37: =SUM(D6:D36) -> 0 | E37: =SUM(E6:E36) -> 0 | F37: =SUM(F6:F36) -> 0 | G37: =SUM(G6:G36) -> 0 | H37: =SUM(H6:H36) -> 0 | I37: =SUM(I6:I36) -> 0 | J37: =SUM(J6:J36) -> 0 | K37: =SUM(K6:K36) -> 0 | ... T37: =SUM(T6:T36) -> 0 | AA37: =SUM(AA6:AA36) -> 0 | AB37: =SUM(AB6:AB36) -> 137.75
B40: 直接経費（交通費等） | T40: 合計（円） | U40: 備考
C41: =TEXT(B41,"aaa") -> 土 | T41: =SUM(D41:S41) -> 0
B50: 月 | C50: 合計 | D50: =SUM(D41:D49) -> 0 | E50: =SUM(E41:E49) -> 0 | F50: =SUM(F41:F49) -> 0 | G50: =SUM(G41:G49) -> 0 | H50: =SUM(H41:H49) -> 0 | I50: =SUM(I41:I49) -> 0 | J50: =SUM(J41:J49) -> 0 | K50: =SUM(K41:K49) -> 0 | ... O50: =SUM(O41:O49) -> 0 | R50: =SUM(R41:R49) -> 0 | S50: =SUM(S41:S49) -> 0 | T50: =SUM(T41:T49) -> 0

Sheet 2月
B2: No. （件番SheetのNo.を入力⇒） | S2: 99
B3: 件番（自動入力） | D3: =IF(ISERROR(VLOOKUP(D2,件番!$A$10:$D$113,2,FALSE)),"",(VLOOKUP(D2,件番!$A$10:$D$113,2,FALSE))) | E3: =IF(ISERROR(VLOOKUP(E2,件番!$A$10:$D$113,2,FALSE)),"",(VLOOKUP(E2,件番!$A$10:$D$113,2,FALSE))) | F3: =IF(ISERROR(VLOOKUP(F2,件番!$A$10:$D$113,2,FALSE)),"",(VLOOKUP(F2,件番!$A$10:$D$113,2,FALSE))) | G3: =IF(ISERROR(VLOOKUP(G2,件番!$A$10:$D$113,2,FALSE)),"",(VLOOKUP(G2,件番!$A$10:$D$113,2,FALSE))) | H3: =IF(ISERROR(VLOOKUP(H2,件番!$A$10:$D$113,2,FALSE)),"",(VLOOKUP(H2,件番!$A$10:$D$113,2,FALSE))) | I3: =IF(ISERROR(VLOOKUP(I2,件番!$A$10:$D$113,2,FALSE)),"",(VLOOKUP(I2,件番!$A$10:$D$113,2,FALSE))) | J3: =IF(ISERROR(VLOOKUP(J2,件番!$A$10:$D$113,2,FALSE)),"",(VLOOKUP(J2,件番!$A$10:$D$113,2,FALSE))) | K3: =IF(ISERROR(VLOOKUP(K2,件番!$A$10:$D$113,2,FALSE)),"",(VLOOKUP(K2,件番!$A$10:$D$113,2,FALSE))) | ... R3: =IF(ISERROR(VLOOKUP(R2,件番!$A$10:$D$113,2,FALSE)),"",(VLOOKUP(R2,件番!$A$10:$D$113,2,FALSE))) | S3: =IF(ISERROR(VLOOKUP(S2,件番!$A$3:$D$113,2,FALSE)),"",(VLOOKUP(S2,件番!$A$3:$D$113,2,FALSE))) -> 2032B1008
B4: 件名（自動入力） | D4: =IF(ISERROR(VLOOKUP(D2,件番!$A$10:$D$113,2,FALSE)),"",(VLOOKUP(D2,件番!$A$10:$D$113,3,FALSE))) | E4: =IF(ISERROR(VLOOKUP(E2,件番!$A$10:$D$113,2,FALSE)),"",(VLOOKUP(E2,件番!$A$10:$D$113,3,FALSE))) | F4: =IF(ISERROR(VLOOKUP(F2,件番!$A$10:$D$113,2,FALSE)),"",(VLOOKUP(F2,件番!$A$10:$D$113,3,FALSE))) | G4: =IF(ISERROR(VLOOKUP(G2,件番!$A$10:$D$113,2,FALSE)),"",(VLOOKUP(G2,件番!$A$10:$D$113,3,FALSE))) | H4: =IF(ISERROR(VLOOKUP(H2,件番!$A$10:$D$113,2,FALSE)),"",(VLOOKUP(H2,件番!$A$10:$D$113,3,FALSE))) | I4: =IF(ISERROR(VLOOKUP(I2,件番!$A$10:$D$113,2,FALSE)),"",(VLOOKUP(I2,件番!$A$10:$D$113,3,FALSE))) | J4: =IF(ISERROR(VLOOKUP(J2,件番!$A$10:$D$113,2,FALSE)),"",(VLOOKUP(J2,件番!$A$10:$D$113,3,FALSE))) | K4: =IF(ISERROR(VLOOKUP(K2,件番!$A$10:$D$113,2,FALSE)),"",(VLOOKUP(K2,件番!$A$10:$D$113,3,FALSE))) | ... R4: =IF(ISERROR(VLOOKUP(R2,件番!$A$10:$D$113,2,FALSE)),"",(VLOOKUP(R2,件番!$A$10:$D$113,3,FALSE))) | S4: =IF(ISERROR(VLOOKUP(S2,件番!$A$3:$D$113,2,FALSE)),"",(VLOOKUP(S2,件番!$A$3:$D$113,3,FALSE))) -> 関東交通整備
B5: 管理（自動入力） | D5: =IF(ISERROR(VLOOKUP(D2,件番!$A$10:$D$113,2,FALSE)),"",(VLOOKUP(D2,件番!$A$10:$D$113,4,FALSE))) | E5: =IF(ISERROR(VLOOKUP(E2,件番!$A$10:$D$113,2,FALSE)),"",(VLOOKUP(E2,件番!$A$10:$D$113,4,FALSE))) | F5: =IF(ISERROR(VLOOKUP(F2,件番!$A$10:$D$113,2,FALSE)),"",(VLOOKUP(F2,件番!$A$10:$D$113,4,FALSE))) | G5: =IF(ISERROR(VLOOKUP(G2,件番!$A$10:$D$113,2,FALSE)),"",(VLOOKUP(G2,件番!$A$10:$D$113,4,FALSE))) | H5: =IF(ISERROR(VLOOKUP(H2,件番!$A$10:$D$113,2,FALSE)),"",(VLOOKUP(H2,件番!$A$10:$D$113,4,FALSE))) | I5: =IF(ISERROR(VLOOKUP(I2,件番!$A$10:$D$113,2,FALSE)),"",(VLOOKUP(I2,件番!$A$10:$D$113,4,FALSE))) | J5: =IF(ISERROR(VLOOKUP(J2,件番!$A$10:$D$113,2,FALSE)),"",(VLOOKUP(J2,件番!$A$10:$D$113,4,FALSE))) | K5: =IF(ISERROR(VLOOKUP(K2,件番!$A$10:$D$113,2,FALSE)),"",(VLOOKUP(K2,件番!$A$10:$D$113,4,FALSE))) | ... R5: =IF(ISERROR(VLOOKUP(R2,件番!$A$10:$D$113,2,FALSE)),"",(VLOOKUP(R2,件番!$A$10:$D$113,4,FALSE))) | S5: =IF(ISERROR(VLOOKUP(S2,件番!$A$3:$D$113,2,FALSE)),"",(VLOOKUP(S2,件番!$A$3:$D$113,4,FALSE))) -> 0 | T5: 合計 | U5: 備考 | V5: 始業 | W5: 終業 | X5: 休憩 | Y5: 就業時間 | Z5: チェック
B6: 46419 | C6: =TEXT(B6,"aaa") -> 月 | T6: =SUM(D6:S6) -> 0 | V6: 0.375 | W6: 0.72916667 | X6: 0.052083333 | Y6: =(W6-V6-X6)*24 -> 7.25 | Z6: =Y6-T6 -> 7.25 | AA6: =AC6-AB6 -> 0 | AB6: 7.25 | AC6: =ABS(Y6) -> 7.25
B7: 46420 | C7: =TEXT(B7,"aaa") -> 火 | T7: =SUM(D7:S7) -> 0 | V7: 0.375 | W7: 0.72916667 | X7: 0.052083333 | Y7: =(W7-V7-X7)*24 -> 7.25 | Z7: =Y7-T7 -> 7.25 | AA7: =AC7-AB7 -> 0 | AB7: 7.25 | AC7: =ABS(Y7) -> 7.25
B8: 46421 | C8: =TEXT(B8,"aaa") -> 水 | T8: =SUM(D8:S8) -> 0 | V8: 0.375 | W8: 0.72916667 | X8: 0.052083333 | Y8: =(W8-V8-X8)*24 -> 7.25 | Z8: =Y8-T8 -> 7.25 | AA8: =AC8-AB8 -> 0 | AB8: 7.25 | AC8: =ABS(Y8) -> 7.25
B9: 46422 | C9: =TEXT(B9,"aaa") -> 木 | T9: =SUM(D9:S9) -> 0 | V9: 0.375 | W9: 0.72916667 | X9: 0.052083333 | Y9: =(W9-V9-X9)*24 -> 7.25 | Z9: =Y9-T9 -> 7.25 | AA9: =AC9-AB9 -> 0 | AB9: 7.25 | AC9: =ABS(Y9) -> 7.25
B10: 46423 | C10: =TEXT(B10,"aaa") -> 金 | T10: =SUM(D10:S10) -> 0 | V10: 0.375 | W10: 0.72916667 | X10: 0.052083333 | Y10: =(W10-V10-X10)*24 -> 7.25 | Z10: =Y10-T10 -> 7.25 | AA10: =AC10-AB10 -> 0 | AB10: 7.25 | AC10: =ABS(Y10) -> 7.25
B11: 46424 | C11: =TEXT(B11,"aaa") -> 土 | T11: =SUM(D11:S11) -> 0 | Y11: =(W11-V11-X11)*24 -> 0 | Z11: =Y11-T11 -> 0
B12: 46425 | C12: =TEXT(B12,"aaa") -> 日 | T12: =SUM(D12:S12) -> 0 | Y12: =(W12-V12-X12)*24 -> 0 | Z12: =Y12-T12 -> 0
B13: 46426 | C13: =TEXT(B13,"aaa") -> 月 | T13: =SUM(D13:S13) -> 0 | V13: 0.375 | W13: 0.72916667 | X13: 0.052083333 | Y13: =(W13-V13-X13)*24 -> 7.25 | Z13: =Y13-T13 -> 7.25 | AA13: =AC13-AB13 -> 0 | AB13: 7.25 | AC13: =ABS(Y13) -> 7.25
B14: 46427 | C14: =TEXT(B14,"aaa") -> 火 | T14: =SUM(D14:S14) -> 0 | V14: 0.375 | W14: 0.72916667 | X14: 0.052083333 | Y14: =(W14-V14-X14)*24 -> 7.25 | Z14: =Y14-T14 -> 7.25 | AA14: =AC14-AB14 -> 0 | AB14: 7.25 | AC14: =ABS(Y14) -> 7.25
B15: 46428 | C15: =TEXT(B15,"aaa") -> 水 | T15: =SUM(D15:S15) -> 0 | V15: 0.375 | W15: 0.72916667 | X15: 0.052083333 | Y15: =(W15-V15-X15)*24 -> 7.25 | Z15: =Y15-T15 -> 7.25 | AA15: =AC15-AB15 -> 0 | AB15: 7.25 | AC15: =ABS(Y15) -> 7.25
B16: 46429 | C16: =TEXT(B16,"aaa") -> 木 | T16: =SUM(D16:S16) -> 0 | U16: 建国記念の日 | Y16: =(W16-V16-X16)*24 -> 0 | Z16: =Y16-T16 -> 0
B17: 46430 | C17: =TEXT(B17,"aaa") -> 金 | T17: =SUM(D17:S17) -> 0 | V17: 0.375 | W17: 0.72916667 | X17: 0.052083333 | Y17: =(W17-V17-X17)*24 -> 7.25 | Z17: =Y17-T17 -> 7.25 | AA17: =AC17-AB17 -> 0 | AB17: 7.25 | AC17: =ABS(Y17) -> 7.25
B18: 46431 | C18: =TEXT(B18,"aaa") -> 土 | T18: =SUM(D18:S18) -> 0 | Y18: =(W18-V18-X18)*24 -> 0 | Z18: =Y18-T18 -> 0
B19: 46432 | C19: =TEXT(B19,"aaa") -> 日 | T19: =SUM(D19:S19) -> 0 | Y19: =(W19-V19-X19)*24 -> 0 | Z19: =Y19-T19 -> 0
B20: 46433 | C20: =TEXT(B20,"aaa") -> 月 | T20: =SUM(D20:S20) -> 0 | V20: 0.375 | W20: 0.72916667 | X20: 0.052083333 | Y20: =(W20-V20-X20)*24 -> 7.25 | Z20: =Y20-T20 -> 7.25 | AA20: =AC20-AB20 -> 0 | AB20: 7.25 | AC20: =ABS(Y20) -> 7.25
B21: 46434 | C21: =TEXT(B21,"aaa") -> 火 | T21: =SUM(D21:S21) -> 0 | V21: 0.375 | W21: 0.72916667 | X21: 0.052083333 | Y21: =(W21-V21-X21)*24 -> 7.25 | Z21: =Y21-T21 -> 7.25 | AA21: =AC21-AB21 -> 0 | AB21: 7.25 | AC21: =ABS(Y21) -> 7.25
B22: 46435 | C22: =TEXT(B22,"aaa") -> 水 | T22: =SUM(D22:S22) -> 0 | V22: 0.375 | W22: 0.72916667 | X22: 0.052083333 | Y22: =(W22-V22-X22)*24 -> 7.25 | Z22: =Y22-T22 -> 7.25 | AA22: =AC22-AB22 -> 0 | AB22: 7.25 | AC22: =ABS(Y22) -> 7.25
B23: 46436 | C23: =TEXT(B23,"aaa") -> 木 | T23: =SUM(D23:S23) -> 0 | V23: 0.375 | W23: 0.72916667 | X23: 0.052083333 | Y23: =(W23-V23-X23)*24 -> 7.25 | Z23: =Y23-T23 -> 7.25 | AA23: =AC23-AB23 -> 0 | AB23: 7.25 | AC23: =ABS(Y23) -> 7.25
B24: 46437 | C24: =TEXT(B24,"aaa") -> 金 | T24: =SUM(D24:S24) -> 0 | V24: 0.375 | W24: 0.72916667 | X24: 0.052083333 | Y24: =(W24-V24-X24)*24 -> 7.25 | Z24: =Y24-T24 -> 7.25 | AA24: =AC24-AB24 -> 0 | AB24: 7.25 | AC24: =ABS(Y24) -> 7.25
B25: 46438 | C25: =TEXT(B25,"aaa") -> 土 | T25: =SUM(D25:S25) -> 0 | Y25: =(W25-V25-X25)*24 -> 0 | Z25: =Y25-T25 -> 0
B26: 46439 | C26: =TEXT(B26,"aaa") -> 日 | T26: =SUM(D26:S26) -> 0 | Y26: =(W26-V26-X26)*24 -> 0 | Z26: =Y26-T26 -> 0
B27: 46440 | C27: =TEXT(B27,"aaa") -> 月 | T27: =SUM(D27:S27) -> 0 | V27: 0.375 | W27: 0.72916667 | X27: 0.052083333 | Y27: =(W27-V27-X27)*24 -> 7.25 | Z27: =Y27-T27 -> 7.25 | AA27: =AC27-AB27 -> 0 | AB27: 7.25 | AC27: =ABS(Y27) -> 7.25
B28: 46441 | C28: =TEXT(B28,"aaa") -> 火 | T28: =SUM(D28:S28) -> 0 | U28: 天皇誕生日 | Y28: =(W28-V28-X28)*24 -> 0 | Z28: =Y28-T28 -> 0
B29: 46442 | C29: =TEXT(B29,"aaa") -> 水 | T29: =SUM(D29:S29) -> 0 | V29: 0.375 | W29: 0.72916667 | X29: 0.052083333 | Y29: =(W29-V29-X29)*24 -> 7.25 | Z29: =Y29-T29 -> 7.25 | AA29: =AC29-AB29 -> 0 | AB29: 7.25 | AC29: =ABS(Y29) -> 7.25
B30: 46443 | C30: =TEXT(B30,"aaa") -> 木 | T30: =SUM(D30:S30) -> 0 | V30: 0.375 | W30: 0.72916667 | X30: 0.052083333 | Y30: =(W30-V30-X30)*24 -> 7.25 | Z30: =Y30-T30 -> 7.25 | AA30: =AC30-AB30 -> 0 | AB30: 7.25 | AC30: =ABS(Y30) -> 7.25
B31: 46444 | C31: =TEXT(B31,"aaa") -> 金 | T31: =SUM(D31:S31) -> 0 | V31: 0.375 | W31: 0.72916667 | X31: 0.052083333 | Y31: =(W31-V31-X31)*24 -> 7.25 | Z31: =Y31-T31 -> 7.25 | AA31: =AC31-AB31 -> 0 | AB31: 7.25 | AC31: =ABS(Y31) -> 7.25
B32: 46445 | C32: =TEXT(B32,"aaa") -> 土 | T32: =SUM(D32:S32) -> 0 | Y32: =(W32-V32-X32)*24 -> 0 | Z32: =Y32-T32 -> 0
B33: 46446 | C33: =TEXT(B33,"aaa") -> 日 | T33: =SUM(D33:S33) -> 0 | Y33: =(W33-V33-X33)*24 -> 0 | Z33: =Y33-T33 -> 0
T34: =SUM(D34:S34) -> 0
T35: =SUM(D35:S35) -> 0
T36: =SUM(D36:S36) -> 0
B37: 月 | C37: 合計 | D37: =SUM(D6:D36) -> 0 | E37: =SUM(E6:E36) -> 0 | F37: =SUM(F6:F36) -> 0 | G37: =SUM(G6:G36) -> 0 | H37: =SUM(H6:H36) -> 0 | I37: =SUM(I6:I36) -> 0 | J37: =SUM(J6:J36) -> 0 | K37: =SUM(K6:K36) -> 0 | ... T37: =SUM(T6:T36) -> 0 | AA37: =SUM(AA6:AA36) -> 0 | AB37: =SUM(AB6:AB36) -> 130.5
B40: 直接経費（交通費等） | T40: 合計（円） | U40: 備考
C41: =TEXT(B41,"aaa") -> 土 | T41: =SUM(D41:S41) -> 0
C42: =TEXT(B42,"aaa") -> 土 | T42: =SUM(D42:S42) -> 0
C43: =TEXT(B43,"aaa") -> 土 | T43: =SUM(D43:S43) -> 0
C44: =TEXT(B44,"aaa") -> 土 | T44: =SUM(D44:S44) -> 0
C45: =TEXT(B45,"aaa") -> 土 | T45: =SUM(D45:S45) -> 0
C46: =TEXT(B46,"aaa") -> 土 | T46: =SUM(D46:S46) -> 0
C47: =TEXT(B47,"aaa") -> 土 | T47: =SUM(D47:S47) -> 0
C48: =TEXT(B48,"aaa") -> 土 | T48: =SUM(D48:S48) -> 0
C49: =TEXT(B49,"aaa") -> 土 | T49: =SUM(D49:S49) -> 0
B50: 46422 | C50: =TEXT(B50,"aaa") -> 木 | R50: 386 | T50: =SUM(D50:S50) -> 386 | U50: 西新宿五丁目→日暮里
B51: 46422 | C51: =TEXT(B51,"aaa") -> 木 | R51: 208 | T51: =SUM(D51:S51) -> 208 | U51: 日暮里→新宿
B52: 46422 | C52: =TEXT(B52,"aaa") -> 木 | R52: 208 | T52: =SUM(D52:S52) -> 208 | U52: 新宿→東京
B53: 46422 | C53: =TEXT(B53,"aaa") -> 木 | R53: 10130 | T53: =SUM(D53:S53) -> 10130 | U53: 東京→米沢 | V53: 領収書㉖
B54: 1/30～2/3 | R54: 35400 | T54: =SUM(D54:S54) -> 35400 | U54: 宿泊費 | V54: 領収書㉗
B56: 46428 | C56: =TEXT(B56,"aaa") -> 水 | R56: 9800 | T56: =SUM(D56:S56) -> 9800 | U56: 米沢→東京 | V56: 領収書㉘
B57: 46428 | C57: =TEXT(B57,"aaa") -> 水 | R57: 386 | T57: =SUM(D57:S57) -> 386 | U57: 東京→西新宿五丁目
B58: 46428 | C58: =TEXT(B58,"aaa") -> 水 | R58: 209 | T58: =SUM(D58:S58) -> 209 | U58: 大手町→新宿三丁目
B59: 46429 | C59: =TEXT(B59,"aaa") -> 木 | R59: 208 | T59: =SUM(D59:S59) -> 208 | U59: 新宿→東京
B60: 46429 | C60: =TEXT(B60,"aaa") -> 木 | R60: 10330 | T60: =SUM(D60:S60) -> 10330 | U60: 東京→米沢 | V60: 領収書㉙
B61: 46428 | C61: =TEXT(B61,"aaa") -> 水 | R61: 6822 | T61: =SUM(D61:S61) -> 6822 | U61: 宿泊費 | V61: 領収書㉚
B63: 月 | C63: 合計 | D63: =SUM(D41:D62) -> 0 | E63: =SUM(E41:E62) -> 0 | F63: =SUM(F41:F62) -> 0 | G63: =SUM(G41:G62) -> 0 | H63: =SUM(H41:H62) -> 0 | I63: =SUM(I41:I62) -> 0 | J63: =SUM(J41:J62) -> 0 | K63: =SUM(K41:K62) -> 0 | ... T63: =SUM(T41:T62) -> 74087

Sheet 2027年3月
B2: No. （件番SheetのNo.を入力⇒） | S2: 99
B3: 件番（自動入力） | D3: =IF(ISERROR(VLOOKUP(D2,件番!$A$10:$D$113,2,FALSE)),"",(VLOOKUP(D2,件番!$A$10:$D$113,2,FALSE))) | E3: =IF(ISERROR(VLOOKUP(E2,件番!$A$10:$D$113,2,FALSE)),"",(VLOOKUP(E2,件番!$A$10:$D$113,2,FALSE))) | F3: =IF(ISERROR(VLOOKUP(F2,件番!$A$10:$D$113,2,FALSE)),"",(VLOOKUP(F2,件番!$A$10:$D$113,2,FALSE))) | G3: =IF(ISERROR(VLOOKUP(G2,件番!$A$10:$D$113,2,FALSE)),"",(VLOOKUP(G2,件番!$A$10:$D$113,2,FALSE))) | H3: =IF(ISERROR(VLOOKUP(H2,件番!$A$10:$D$113,2,FALSE)),"",(VLOOKUP(H2,件番!$A$10:$D$113,2,FALSE))) | I3: =IF(ISERROR(VLOOKUP(I2,件番!$A$10:$D$113,2,FALSE)),"",(VLOOKUP(I2,件番!$A$10:$D$113,2,FALSE))) | J3: =IF(ISERROR(VLOOKUP(J2,件番!$A$10:$D$113,2,FALSE)),"",(VLOOKUP(J2,件番!$A$10:$D$113,2,FALSE))) | K3: =IF(ISERROR(VLOOKUP(K2,件番!$A$10:$D$113,2,FALSE)),"",(VLOOKUP(K2,件番!$A$10:$D$113,2,FALSE))) | ... P3: =IF(ISERROR(VLOOKUP(P2,件番!$A$10:$D$113,2,FALSE)),"",(VLOOKUP(P2,件番!$A$10:$D$113,2,FALSE))) | S3: =IF(ISERROR(VLOOKUP(S2,件番!$A$3:$D$113,2,FALSE)),"",(VLOOKUP(S2,件番!$A$3:$D$113,2,FALSE))) -> 2032B1008
B4: 件名（自動入力） | D4: =IF(ISERROR(VLOOKUP(D2,件番!$A$10:$D$113,2,FALSE)),"",(VLOOKUP(D2,件番!$A$10:$D$113,3,FALSE))) | E4: =IF(ISERROR(VLOOKUP(E2,件番!$A$10:$D$113,2,FALSE)),"",(VLOOKUP(E2,件番!$A$10:$D$113,3,FALSE))) | F4: =IF(ISERROR(VLOOKUP(F2,件番!$A$10:$D$113,2,FALSE)),"",(VLOOKUP(F2,件番!$A$10:$D$113,3,FALSE))) | G4: =IF(ISERROR(VLOOKUP(G2,件番!$A$10:$D$113,2,FALSE)),"",(VLOOKUP(G2,件番!$A$10:$D$113,3,FALSE))) | H4: =IF(ISERROR(VLOOKUP(H2,件番!$A$10:$D$113,2,FALSE)),"",(VLOOKUP(H2,件番!$A$10:$D$113,3,FALSE))) | I4: =IF(ISERROR(VLOOKUP(I2,件番!$A$10:$D$113,2,FALSE)),"",(VLOOKUP(I2,件番!$A$10:$D$113,3,FALSE))) | J4: =IF(ISERROR(VLOOKUP(J2,件番!$A$10:$D$113,2,FALSE)),"",(VLOOKUP(J2,件番!$A$10:$D$113,3,FALSE))) | K4: =IF(ISERROR(VLOOKUP(K2,件番!$A$10:$D$113,2,FALSE)),"",(VLOOKUP(K2,件番!$A$10:$D$113,3,FALSE))) | ... P4: =IF(ISERROR(VLOOKUP(P2,件番!$A$10:$D$113,2,FALSE)),"",(VLOOKUP(P2,件番!$A$10:$D$113,3,FALSE))) | S4: =IF(ISERROR(VLOOKUP(S2,件番!$A$3:$D$113,2,FALSE)),"",(VLOOKUP(S2,件番!$A$3:$D$113,3,FALSE))) -> 関東交通整備
B5: 管理（自動入力） | D5: =IF(ISERROR(VLOOKUP(D2,件番!$A$10:$D$113,2,FALSE)),"",(VLOOKUP(D2,件番!$A$10:$D$113,4,FALSE))) | E5: =IF(ISERROR(VLOOKUP(E2,件番!$A$10:$D$113,2,FALSE)),"",(VLOOKUP(E2,件番!$A$10:$D$113,4,FALSE))) | F5: =IF(ISERROR(VLOOKUP(F2,件番!$A$10:$D$113,2,FALSE)),"",(VLOOKUP(F2,件番!$A$10:$D$113,4,FALSE))) | G5: =IF(ISERROR(VLOOKUP(G2,件番!$A$10:$D$113,2,FALSE)),"",(VLOOKUP(G2,件番!$A$10:$D$113,4,FALSE))) | H5: =IF(ISERROR(VLOOKUP(H2,件番!$A$10:$D$113,2,FALSE)),"",(VLOOKUP(H2,件番!$A$10:$D$113,4,FALSE))) | I5: =IF(ISERROR(VLOOKUP(I2,件番!$A$10:$D$113,2,FALSE)),"",(VLOOKUP(I2,件番!$A$10:$D$113,4,FALSE))) | J5: =IF(ISERROR(VLOOKUP(J2,件番!$A$10:$D$113,2,FALSE)),"",(VLOOKUP(J2,件番!$A$10:$D$113,4,FALSE))) | K5: =IF(ISERROR(VLOOKUP(K2,件番!$A$10:$D$113,2,FALSE)),"",(VLOOKUP(K2,件番!$A$10:$D$113,4,FALSE))) | ... P5: =IF(ISERROR(VLOOKUP(P2,件番!$A$10:$D$113,2,FALSE)),"",(VLOOKUP(P2,件番!$A$10:$D$113,4,FALSE))) | S5: =IF(ISERROR(VLOOKUP(S2,件番!$A$3:$D$113,2,FALSE)),"",(VLOOKUP(S2,件番!$A$3:$D$113,4,FALSE))) -> 0 | T5: 合計 | U5: 備考 | V5: 始業 | W5: 終業 | X5: 休憩 | Y5: 就業時間 | Z5: チェック
B6: 46447 | C6: =TEXT(B6,"aaa") -> 月 | T6: =SUM(D6:S6) -> 0 | V6: 0.375 | W6: 0.72916667 | X6: 0.052083333 | Y6: =(W6-V6-X6)*24 -> 7.25 | Z6: =Y6-T6 -> 7.25 | AA6: =AC6-AB6 -> 0 | AB6: 7.25 | AC6: =ABS(Y6) -> 7.25
B7: 46448 | C7: =TEXT(B7,"aaa") -> 火 | T7: =SUM(D7:S7) -> 0 | V7: 0.375 | W7: 0.72916667 | X7: 0.052083333 | Y7: =(W7-V7-X7)*24 -> 7.25 | Z7: =Y7-T7 -> 7.25 | AA7: =AC7-AB7 -> 0 | AB7: 7.25 | AC7: =ABS(Y7) -> 7.25
B8: 46449 | C8: =TEXT(B8,"aaa") -> 水 | T8: =SUM(D8:S8) -> 0 | V8: 0.375 | W8: 0.72916667 | X8: 0.052083333 | Y8: =(W8-V8-X8)*24 -> 7.25 | Z8: =Y8-T8 -> 7.25 | AA8: =AC8-AB8 -> 0 | AB8: 7.25 | AC8: =ABS(Y8) -> 7.25
B9: 46450 | C9: =TEXT(B9,"aaa") -> 木 | T9: =SUM(D9:S9) -> 0 | V9: 0.375 | W9: 0.72916667 | X9: 0.052083333 | Y9: =(W9-V9-X9)*24 -> 7.25 | Z9: =Y9-T9 -> 7.25 | AA9: =AC9-AB9 -> 0 | AB9: 7.25 | AC9: =ABS(Y9) -> 7.25
B10: 46451 | C10: =TEXT(B10,"aaa") -> 金 | T10: =SUM(D10:S10) -> 0 | V10: 0.375 | W10: 0.72916667 | X10: 0.052083333 | Y10: =(W10-V10-X10)*24 -> 7.25 | Z10: =Y10-T10 -> 7.25 | AA10: =AC10-AB10 -> 0 | AB10: 7.25 | AC10: =ABS(Y10) -> 7.25
B11: 46452 | C11: =TEXT(B11,"aaa") -> 土 | T11: =SUM(D11:S11) -> 0 | Y11: =(W11-V11-X11)*24 -> 0 | Z11: =Y11-T11 -> 0
B12: 46453 | C12: =TEXT(B12,"aaa") -> 日 | T12: =SUM(D12:S12) -> 0 | Y12: =(W12-V12-X12)*24 -> 0 | Z12: =Y12-T12 -> 0
B13: 46454 | C13: =TEXT(B13,"aaa") -> 月 | T13: =SUM(D13:S13) -> 0 | V13: 0.375 | W13: 0.72916667 | X13: 0.052083333 | Y13: =(W13-V13-X13)*24 -> 7.25 | Z13: =Y13-T13 -> 7.25 | AA13: =AC13-AB13 -> 0 | AB13: 7.25 | AC13: =ABS(Y13) -> 7.25
B14: 46455 | C14: =TEXT(B14,"aaa") -> 火 | T14: =SUM(D14:S14) -> 0 | V14: 0.375 | W14: 0.72916667 | X14: 0.052083333 | Y14: =(W14-V14-X14)*24 -> 7.25 | Z14: =Y14-T14 -> 7.25 | AA14: =AC14-AB14 -> 0 | AB14: 7.25 | AC14: =ABS(Y14) -> 7.25
B15: 46456 | C15: =TEXT(B15,"aaa") -> 水 | T15: =SUM(D15:S15) -> 0 | V15: 0.375 | W15: 0.72916667 | X15: 0.052083333 | Y15: =(W15-V15-X15)*24 -> 7.25 | Z15: =Y15-T15 -> 7.25 | AA15: =AC15-AB15 -> 0 | AB15: 7.25 | AC15: =ABS(Y15) -> 7.25
B16: 46457 | C16: =TEXT(B16,"aaa") -> 木 | T16: =SUM(D16:S16) -> 0 | V16: 0.375 | W16: 0.72916667 | X16: 0.052083333 | Y16: =(W16-V16-X16)*24 -> 7.25 | Z16: =Y16-T16 -> 7.25 | AA16: =AC16-AB16 -> 0 | AB16: 7.25 | AC16: =ABS(Y16) -> 7.25
B17: 46458 | C17: =TEXT(B17,"aaa") -> 金 | T17: =SUM(D17:S17) -> 0 | V17: 0.375 | W17: 0.72916667 | X17: 0.052083333 | Y17: =(W17-V17-X17)*24 -> 7.25 | Z17: =Y17-T17 -> 7.25 | AA17: =AC17-AB17 -> 0 | AB17: 7.25 | AC17: =ABS(Y17) -> 7.25
B18: 46459 | C18: =TEXT(B18,"aaa") -> 土 | T18: =SUM(D18:S18) -> 0 | Y18: =(W18-V18-X18)*24 -> 0 | Z18: =Y18-T18 -> 0
B19: 46460 | C19: =TEXT(B19,"aaa") -> 日 | T19: =SUM(D19:S19) -> 0 | Y19: =(W19-V19-X19)*24 -> 0 | Z19: =Y19-T19 -> 0
B20: 46461 | C20: =TEXT(B20,"aaa") -> 月 | T20: =SUM(D20:S20) -> 0 | V20: 0.375 | W20: 0.72916667 | X20: 0.052083333 | Y20: =(W20-V20-X20)*24 -> 7.25 | Z20: =Y20-T20 -> 7.25 | AA20: =AC20-AB20 -> 0 | AB20: 7.25 | AC20: =ABS(Y20) -> 7.25
B21: 46462 | C21: =TEXT(B21,"aaa") -> 火 | T21: =SUM(D21:S21) -> 0 | V21: 0.375 | W21: 0.72916667 | X21: 0.052083333 | Y21: =(W21-V21-X21)*24 -> 7.25 | Z21: =Y21-T21 -> 7.25 | AA21: =AC21-AB21 -> 0 | AB21: 7.25 | AC21: =ABS(Y21) -> 7.25
B22: 46463 | C22: =TEXT(B22,"aaa") -> 水 | T22: =SUM(D22:S22) -> 0 | V22: 0.375 | W22: 0.72916667 | X22: 0.052083333 | Y22: =(W22-V22-X22)*24 -> 7.25 | Z22: =Y22-T22 -> 7.25 | AA22: =AC22-AB22 -> 0 | AB22: 7.25 | AC22: =ABS(Y22) -> 7.25
B23: 46464 | C23: =TEXT(B23,"aaa") -> 木 | T23: =SUM(D23:S23) -> 0 | V23: 0.375 | W23: 0.72916667 | X23: 0.052083333 | Y23: =(W23-V23-X23)*24 -> 7.25 | Z23: =Y23-T23 -> 7.25 | AA23: =AC23-AB23 -> 0 | AB23: 7.25 | AC23: =ABS(Y23) -> 7.25
B24: 46465 | C24: =TEXT(B24,"aaa") -> 金 | T24: =SUM(D24:S24) -> 0 | V24: 0.375 | W24: 0.72916667 | X24: 0.052083333 | Y24: =(W24-V24-X24)*24 -> 7.25 | Z24: =Y24-T24 -> 7.25 | AA24: =AC24-AB24 -> 0 | AB24: 7.25 | AC24: =ABS(Y24) -> 7.25
B25: 46466 | C25: =TEXT(B25,"aaa") -> 土 | T25: =SUM(D25:S25) -> 0 | Y25: =(W25-V25-X25)*24 -> 0 | Z25: =Y25-T25 -> 0
B26: 46467 | C26: =TEXT(B26,"aaa") -> 日 | T26: =SUM(D26:S26) -> 0 | Y26: =(W26-V26-X26)*24 -> 0 | Z26: =Y26-T26 -> 0
B27: 46468 | C27: =TEXT(B27,"aaa") -> 月 | T27: =SUM(D27:S27) -> 0 | U27: 春分の日 | Y27: =(W27-V27-X27)*24 -> 0 | Z27: =Y27-T27 -> 0
B28: 46469 | C28: =TEXT(B28,"aaa") -> 火 | T28: =SUM(D28:S28) -> 0 | V28: 0.375 | W28: 0.72916667 | X28: 0.052083333 | Y28: =(W28-V28-X28)*24 -> 7.25 | Z28: =Y28-T28 -> 7.25 | AA28: =AC28-AB28 -> 0 | AB28: 7.25 | AC28: =ABS(Y28) -> 7.25
B29: 46470 | C29: =TEXT(B29,"aaa") -> 水 | T29: =SUM(D29:S29) -> 0 | V29: 0.375 | W29: 0.72916667 | X29: 0.052083333 | Y29: =(W29-V29-X29)*24 -> 7.25 | Z29: =Y29-T29 -> 7.25 | AA29: =AC29-AB29 -> 0 | AB29: 7.25 | AC29: =ABS(Y29) -> 7.25
B30: 46471 | C30: =TEXT(B30,"aaa") -> 木 | T30: =SUM(D30:S30) -> 0 | V30: 0.375 | W30: 0.72916667 | X30: 0.052083333 | Y30: =(W30-V30-X30)*24 -> 7.25 | Z30: =Y30-T30 -> 7.25 | AA30: =AC30-AB30 -> 0 | AB30: 7.25 | AC30: =ABS(Y30) -> 7.25
B31: 46472 | C31: =TEXT(B31,"aaa") -> 金 | T31: =SUM(D31:S31) -> 0 | V31: 0.375 | W31: 0.72916667 | X31: 0.052083333 | Y31: =(W31-V31-X31)*24 -> 7.25 | Z31: =Y31-T31 -> 7.25 | AA31: =AC31-AB31 -> 0 | AB31: 7.25 | AC31: =ABS(Y31) -> 7.25
B32: 46473 | C32: =TEXT(B32,"aaa") -> 土 | T32: =SUM(D32:S32) -> 0 | Y32: =(W32-V32-X32)*24 -> 0 | Z32: =Y32-T32 -> 0
B33: 46474 | C33: =TEXT(B33,"aaa") -> 日 | T33: =SUM(D33:S33) -> 0 | Y33: =(W33-V33-X33)*24 -> 0 | Z33: =Y33-T33 -> 0
B34: 46475 | C34: =TEXT(B34,"aaa") -> 月 | T34: =SUM(D34:S34) -> 0 | V34: 0.375 | W34: 0.72916667 | X34: 0.052083333 | Y34: =(W34-V34-X34)*24 -> 7.25 | Z34: =Y34-T34 -> 7.25 | AA34: =AC34-AB34 -> 0 | AB34: 7.25 | AC34: =ABS(Y34) -> 7.25
B35: 46476 | C35: =TEXT(B35,"aaa") -> 火 | T35: =SUM(D35:S35) -> 0 | V35: 0.375 | W35: 0.72916667 | X35: 0.052083333 | Y35: =(W35-V35-X35)*24 -> 7.25 | Z35: =Y35-T35 -> 7.25 | AA35: =AC35-AB35 -> 0 | AB35: 7.25 | AC35: =ABS(Y35) -> 7.25
B36: 46477 | C36: =TEXT(B36,"aaa") -> 水 | T36: =SUM(D36:S36) -> 0 | V36: 0.375 | W36: 0.72916667 | X36: 0.052083333 | Y36: =(W36-V36-X36)*24 -> 7.25 | Z36: =Y36-T36 -> 7.25 | AA36: =AC36-AB36 -> 0 | AB36: 7.25 | AC36: =ABS(Y36) -> 7.25
B37: 月 | C37: 合計 | D37: =SUM(D6:D36) -> 0 | E37: =SUM(E6:E36) -> 0 | F37: =SUM(F6:F36) -> 0 | G37: =SUM(G6:G36) -> 0 | H37: =SUM(H6:H36) -> 0 | I37: =SUM(I6:I36) -> 0 | J37: =SUM(J6:J36) -> 0 | K37: =SUM(K6:K36) -> 0 | ... T37: =SUM(T6:T36) -> 0 | AA37: =SUM(AA6:AA36) -> 0 | AB37: =SUM(AB6:AB36) -> 159.5
B40: 直接経費（交通費等） | T40: 合計（円） | U40: 備考
C41: =TEXT(B41,"aaa") -> 土 | T41: =SUM(D41:S41) -> 0
C42: =TEXT(B42,"aaa") -> 土 | T42: =SUM(D42:S42) -> 0
C43: =TEXT(B43,"aaa") -> 土 | T43: =SUM(D43:S43) -> 0
C44: =TEXT(B44,"aaa") -> 土 | T44: =SUM(D44:S44) -> 0
C45: =TEXT(B45,"aaa") -> 土 | T45: =SUM(D45:S45) -> 0
C46: =TEXT(B46,"aaa") -> 土 | T46: =SUM(D46:S46) -> 0
C47: =TEXT(B47,"aaa") -> 土 | T47: =SUM(D47:S47) -> 0
C48: =TEXT(B48,"aaa") -> 土 | T48: =SUM(D48:S48) -> 0
C49: =TEXT(B49,"aaa") -> 土 | T49: =SUM(D49:S49) -> 0
B50: 3/10～3/11 | R50: 15804 | T50: =SUM(D50:S50) -> 15804 | U50: 宿泊費 | V50: 領収書㉝
B52: 月 | C52: 合計 | D52: =SUM(D41:D51) -> 0 | E52: =SUM(E41:E51) -> 0 | F52: =SUM(F41:F51) -> 0 | G52: =SUM(G41:G51) -> 0 | H52: =SUM(H41:H51) -> 0 | I52: =SUM(I41:I51) -> 0 | J52: =SUM(J41:J51) -> 0 | K52: =SUM(K41:K51) -> 0 | ... T52: =SUM(T41:T51) -> 15804
